序号,股票代码,股票简称,资产-货币资金,资产-应收账款,资产-存货,资产-总资产,资产-总资产同比,负债-应付账款,负债-预收账款,负债-总负债,负债-总负债同比,资产负债率,股东权益合计,公告日期
1,688505,复旦张江,1106490805.0,324772300.0,34309413.0,2541453272.0,-10.7853932822,7177974.0,,261015209.0,-46.8696841484,10.2703131266,2280438063.0,2025-08-13
2,688270,臻镭科技,658966258.58,461871207.38,116925412.13,2339683067.27,5.8230706832,102320273.28,78580.8,140081943.43,47.7534351761,5.9872187558,2199601123.84,2025-08-13
3,688260,昀冢科技,20940393.02,152957100.08,108940436.86,1468831952.82,-9.3581775435,249893748.63,,1317997833.77,-1.7287509004,89.7310159436,150834119.05,2025-08-13
4,688099,晶晨股份,2496195072.8,276684526.57,1852556767.37,7896531931.15,11.4756803459,369635372.29,,889061697.98,-22.1336700231,11.2588881516,7007470233.17,2025-08-13
5,688027,国盾量子,1697590615.83,185541930.08,259592444.61,3575718885.88,105.5507136377,133677429.72,293245.64,351811132.5,39.2347243939,9.8388923662,3223907753.38,2025-08-13
6,603530,神马电力,314630199.05,641339303.27,459647537.3,2545849380.38,23.1383741542,139951111.68,,797550838.55,70.937627488,31.3274950473,1748298541.83,2025-08-13
7,603271,永杰新材,944216659.1,1045308166.56,1060231469.37,4550289678.11,40.2736694937,110541804.01,74385.18,1820534833.73,5.6109138219,40.0092073805,2729754844.38,2025-08-13
8,600987,航民股份,3563958019.36,366387377.52,2814927790.81,10476822660.33,3.6626874913,189588159.9,,3379955138.33,3.3059623844,32.2612613376,7096867522.0,2025-08-13
9,600961,株冶集团,1321124796.88,230868083.11,1782987443.56,9283127497.91,3.8863010665,502706985.9,,4434204750.16,-7.8728851982,47.7662808268,4848922747.75,2025-08-13
10,600746,江苏索普,905932724.86,134541879.4,454337820.29,6843737897.05,6.3577838641,593023207.67,,1411604392.94,24.0112484223,20.6262193873,5432133504.11,2025-08-13
11,600519,贵州茅台,51644880716.93,37961242.39,54971731959.6,292257789095.51,4.6741362937,2952131468.88,,43122202832.76,-15.7151357023,14.7548515187,249135586262.75,2025-08-13
12,600050,中国联通,48317107516.0,71504315308.0,3363696868.0,665466524325.0,-0.4298165197,153422852214.0,378664872.0,286332773008.0,-4.5935001965,43.027374412,379133751317.0,2025-08-13
13,301361,众智科技,90819773.13,47728970.83,38749693.2,1229935355.39,7.5359647953,21821209.4,,48972818.17,25.9932083381,3.9817391992,1180962537.22,2025-08-13
14,301256,华融化学,206759497.44,111029230.31,66718106.21,2312953098.24,-3.2204066823,35133873.56,,606194974.85,-12.3685433794,26.2087015647,1706758123.39,2025-08-13
15,301175,中科环保,902293363.19,777009367.23,104535368.48,7991289168.57,11.1817671797,547471035.89,,4050277053.54,17.1393135382,50.683650261,3941012115.03,2025-08-13
16,300999,金龙鱼,44371890000.0,8354596000.0,44700260000.0,225888102000.0,6.0325692694,5493855000.0,,126236641000.0,8.3594389905,55.8845905926,99651461000.0,2025-08-13
17,300637,扬帆新材,63609361.1,120666773.03,219684594.04,1291649155.26,-2.05064327,59873877.85,,586653699.66,-10.5063437384,45.4189666963,704995455.6,2025-08-13
18,002991,甘源食品,585919130.93,77044971.58,199864345.1,2062509447.92,-4.7872686268,82767290.22,,436216187.49,17.0930588806,21.149778874,1626293260.43,2025-08-13
19,002938,鹏鼎控股,13074365254.13,3708088021.09,3490505064.52,44434986384.52,11.2404737293,4788228178.73,,12994089486.22,21.2490766437,29.242924424,31440896898.3,2025-08-13
20,002913,奥士康,1368668726.49,1468476773.55,766548250.1,8468050642.4,8.989966784,1311356415.38,,3949362284.18,11.0483691841,46.6383876403,4518688358.22,2025-08-13
21,002909,集泰股份,121360008.45,399037923.5,96922757.35,2219617810.57,-0.8828830189,317237705.56,7706.45,1321478585.23,3.3819513122,59.5363120145,898139225.34,2025-08-13
22,002372,伟星新材,1726421075.99,464038728.93,795495598.01,5981337726.91,-3.1844555366,416836529.96,,1371423064.67,-2.758592593,22.9283669855,4609914662.24,2025-08-13
23,000970,中科三环,1952075458.94,1862017569.3,2795360365.72,9888720562.98,-3.9208812229,1057261274.45,25004.93,2513818086.64,-5.447175408,25.4210650471,7374902476.34,2025-08-13
24,000895,双汇发展,5094915936.51,240747578.99,6335974614.31,38096073365.78,5.1822810554,2464987961.63,5210825.14,17042450925.15,11.5583736926,44.7354528156,21053622440.63,2025-08-13
25,000812,陕西金叶,271984021.73,212943540.79,297733955.07,5263904850.17,7.2984747721,715190096.46,,3376189812.94,12.5585695844,64.1385038111,1887715037.23,2025-08-13
26,000059,华锦股份,6490369161.11,177501409.44,6014101530.72,27369482078.82,-2.9580088319,714627449.43,39590.5,16245633559.59,16.2788356554,59.3567445405,11123848519.23,2025-08-13
27,688510,航亚科技,236240707.69,391607153.22,200797581.34,1920531532.41,13.1129631707,273690266.57,,714797459.14,20.6302990179,37.2187307044,1205734073.27,2025-08-12
28,688329,艾隆科技,115348439.74,225773988.99,103409853.77,1356924717.29,-1.9056315322,147237350.33,0.0,577246305.36,-3.7688182145,42.5407760655,779678411.93,2025-08-12
29,688322,奥比中光,595964425.15,88809982.04,210559107.71,3327061105.46,2.0677888586,141458483.6,,388636231.81,26.6629830984,11.6810668482,2938424873.65,2025-08-12
30,688216,气派科技,45767839.95,130205976.88,102796586.64,1881141480.6,-1.819060661,318251208.74,,1257902572.74,7.3476732413,66.8691103626,623238907.86,2025-08-12
31,688029,南微医学,2016173516.57,554888914.3,628487443.36,5077462916.19,14.9865520692,374780942.82,1116739.52,880661978.46,34.6457225896,17.344528025,4196800937.73,2025-08-12
32,688003,天准科技,676036310.3,438729273.81,1181328930.34,3976898477.92,17.1531776444,520533233.49,,2117850977.43,30.3878344458,53.2538356005,1859047500.49,2025-08-12
33,605339,南侨食品,1020413983.55,177863309.22,608557016.3,4150355543.3,-2.6001074699,255046482.92,,735463021.08,-12.0706384139,17.7204823396,3414892522.22,2025-08-12
34,605098,行动教育,1348946954.31,294344.84,1471875.05,2210234073.73,3.1149309839,20887803.46,,1205164399.22,3.9990805148,54.526550538,1005069674.51,2025-08-12
35,605020,永和股份,442109101.73,425861929.57,766871410.53,7873315218.36,9.0248112434,483594209.23,,3128020951.76,-30.2348626876,39.7294007036,4745294266.6,2025-08-12
36,603810,丰山集团,405298867.7,305301625.18,253435942.35,2800910336.48,8.9754073191,178707588.7,,1200160522.75,18.0049678716,42.8489447562,1600749813.73,2025-08-12
37,603499,翔港科技,112605418.9,332966413.79,106331848.57,1602887337.81,17.786134519,158610375.03,3443053.85,684794968.38,26.5488695113,42.7225889323,918092369.43,2025-08-12
38,603308,应流股份,421335287.38,1341378122.01,2272103326.63,12597190795.0,10.3306865226,686917725.02,848129.33,7365882696.41,15.392314041,58.4724230686,5231308098.59,2025-08-12
39,603166,福达股份,237735371.03,430664357.6,412694069.92,4500048693.76,21.3678717212,309363812.34,,2019932593.12,47.7936165533,44.8869052444,2480116100.64,2025-08-12
40,603129,春风动力,8575911105.14,1713736319.14,2476543954.48,16744829832.31,35.6966487926,4750143573.21,,9778126001.98,45.1350445792,58.3948962151,6966703830.33,2025-08-12
41,600844,金煤科技,28900317.79,11810172.98,65934077.5,1203072399.67,-15.2940110221,266893742.98,,913277492.8,16.1516463154,75.9120974806,289794906.87,2025-08-12
42,600768,宁波富邦,123680591.66,195878990.8,177306432.25,1029539623.85,71.5018972581,28535148.65,,563348599.14,191.2423320662,54.7184961209,466191024.71,2025-08-12
43,600580,卧龙电驱,3601358038.0,5340907169.92,3477640881.2,25266975180.84,-1.1026238163,5102806403.9,964873.17,14249465549.69,-1.3096436109,56.3956130392,11017509631.15,2025-08-12
44,600509,天富能源,1609124493.74,2541471788.89,238806878.67,30189709285.32,18.8794962442,2362247520.19,19468247.67,21447422637.68,24.2946906935,71.0421635233,8742286647.64,2025-08-12
45,600355,*ST精伦,24093202.96,51281903.81,41852539.66,266331203.72,-0.876183761,18593580.48,6918248.57,155462595.1,34.6901414461,58.3719042037,110868608.62,2025-08-12
46,600309,万华化学,34193695160.4,14718517496.44,25010020060.64,315955471005.95,7.380260194,22934463024.8,,207901419122.2,6.8278834805,65.8008606277,108054051883.75,2025-08-12
47,301616,浙江华业,478257534.33,268941299.71,284155642.17,1854170855.81,39.0462393043,122731316.03,,524780027.78,14.5363867347,28.3026791267,1329390828.03,2025-08-12
48,301277,新天地,102222425.43,108061799.0,68016941.41,1765676719.66,1.6119212671,125389398.0,,257498550.08,0.4426576575,14.5835614874,1508178169.58,2025-08-12
49,301026,浩通科技,882067664.01,45067231.14,1037127374.26,4119464384.02,46.6883930983,14805077.65,,2505157596.23,96.6226067821,60.8127019121,1614306787.79,2025-08-12
50,300956,英力股份,237358205.59,793673852.71,501566917.01,3210632968.89,25.5951180598,774992151.72,1153815.4,1823352361.34,36.9232502607,56.7910558138,1387280607.55,2025-08-12
51,300937,药易购,326254349.02,351472791.94,485897506.98,1749268918.6,4.0769593039,373054745.68,,930157809.52,11.3294769607,53.1740888796,819111109.08,2025-08-12
52,300850,新强联,733142642.6,1906885635.85,1127401789.07,11210650281.89,10.4928006863,461224606.74,,5085404952.16,-0.0211741627,45.3622655626,6125245329.73,2025-08-12
53,300826,测绘股份,312921470.6,623767015.1,741295821.94,2583317733.86,3.4245161798,396070040.28,7121445.64,1139516555.36,-3.2945089306,44.110584634,1443801178.5,2025-08-12
54,300776,帝尔激光,317480376.27,992544433.86,1752630715.5,6667056822.79,1.2321307926,290751863.18,,2955198094.72,-13.5467540132,44.3253773482,3711858728.07,2025-08-12
55,300727,润禾材料,202246151.4,332107089.06,151442936.98,1693606111.81,7.4186974693,69490931.66,,433798902.06,-34.2592606763,25.6139192599,1259807209.75,2025-08-12
56,300711,广哈通信,210404086.82,323844959.71,242241122.78,1268436932.72,31.2304790196,156925936.74,104600.0,436160726.67,60.529393682,34.3856848866,832276206.05,2025-08-12
57,300619,金银河,465426335.24,1034685382.6,823294291.33,4326834909.82,-1.588253135,507356586.55,,2690986076.8,-0.9285975636,62.1929454875,1635848833.02,2025-08-12
58,300611,美力科技,223300047.01,544348866.43,352375923.95,2327041272.22,15.9964549032,314843558.28,8545396.78,1053205621.8,18.8626596893,45.2594302634,1273835650.42,2025-08-12
59,300547,川环科技,100959449.3,525367078.5,322870238.35,1517843653.08,11.3819831778,179937844.7,,278261930.19,17.9145554862,18.3327136247,1239581722.89,2025-08-12
60,300400,劲拓股份,372261515.87,293022753.55,206022907.45,1160973065.58,-4.6498121334,227221179.7,,414106292.62,12.6156265095,35.6688974876,746866772.96,2025-08-12
61,300190,维尔利,431811471.28,1645712710.99,479793241.02,7259769482.89,-15.650756787,960854196.64,,4407136366.61,-10.3743206623,60.7062851926,2852633116.28,2025-08-12
62,300047,天源迪科,278967573.04,1658071229.8,2165505671.85,6728176084.22,-3.1698553931,94171825.53,6111689.79,3375166068.55,1.97341923,50.1646512562,3353010015.67,2025-08-12
63,003015,日久光电,180854574.7,121063640.23,146692249.67,1152827044.55,1.2274402221,41427562.61,,109522106.87,-45.7214102907,9.5003068663,1043304937.68,2025-08-12
64,002920,德赛西威,923324426.18,8777327929.87,3996809671.31,21657015931.11,25.6468604034,4444444522.16,,11885783880.46,35.7581190788,54.881909485,9771232050.65,2025-08-12
65,002879,长缆科技,594262758.17,709288628.09,266988617.28,2692714515.43,5.2141678257,295243085.2,880592.14,765467983.18,10.8944547076,28.4273724078,1927246532.25,2025-08-12
66,002859,洁美科技,491504095.07,599321932.14,537849193.85,6727589900.25,24.2008223133,352624248.15,,3709998501.44,47.9883409309,55.1460263846,3017591398.81,2025-08-12
67,002827,高争民爆,685320179.49,1016236918.25,99259034.45,2750991810.52,3.0533892847,281564600.56,,1538384528.24,-3.4339717196,55.9210871642,1212607282.28,2025-08-12
68,002799,环球印务,570526761.74,197336218.09,67029050.95,1986250261.34,-3.1472572895,152724583.33,,637506259.79,-1.4804463741,32.0959685795,1348744001.55,2025-08-12
69,002648,卫星化学,8898959982.59,729526613.5,3973205745.86,69296177239.5,5.5773257208,5081395201.58,31268011.64,38163348167.93,-3.0073533004,55.0728044291,31132829071.57,2025-08-12
70,002167,东方锆业,360277096.3,205826404.14,470963069.38,2388663793.76,-27.4752549947,61049400.1,0.0,646786997.42,-66.4588207701,27.0773559305,1741876796.34,2025-08-12
71,002064,华峰化学,6680675771.84,3387164423.81,3872183191.49,36102920589.53,-4.1534437522,1548846218.77,,9276229883.36,-21.8666950494,25.6938489515,26826690706.17,2025-08-12
72,001255,博菲电气,80381655.0,256138415.97,81341229.91,1344690437.62,35.8042895719,173780962.8,,613046209.46,152.5785915095,45.5901367563,731644228.16,2025-08-12
73,000885,城发环境,1362255937.44,4715183505.64,108382603.4,31737261353.3,7.2795287922,2931861718.71,15799142.02,21785441525.67,5.4930979007,68.6431046559,9951819827.63,2025-08-12
74,688525,佰维存储,2163955037.14,1213094727.74,4382336312.31,11555825839.05,67.733912796,1035565457.83,,7344121245.12,63.8006964093,63.5534088815,4211704593.93,2025-08-11
75,603683,晶华新材,310025274.35,343356970.3,425490513.67,2977419494.48,27.4843964577,340171831.45,,1394818069.32,35.8900197485,46.8465418429,1582601425.16,2025-08-11
76,601138,工业富联,90886331000.0,97799015000.0,122949245000.0,383128084000.0,30.6494258986,122842074000.0,,231140143000.0,49.9416104481,60.3297311403,151987941000.0,2025-08-11
77,003008,开普检测,89592773.34,23381773.83,1799701.04,1111128904.91,-2.6612937485,19699018.22,,44724177.8,-23.0570196724,4.0251115422,1066404727.11,2025-08-11
78,002391,长青股份,436234658.65,1093449674.25,1247531991.77,9714204239.62,12.7804673728,720365863.69,,5461226744.34,29.6068760192,56.2189821176,4252977495.28,2025-08-11
79,000729,燕京啤酒,9237280201.22,212593032.84,3904416902.67,24937610053.21,-0.5580324184,1842652580.43,,7964063370.71,-15.3778675928,31.9359527786,16973546682.5,2025-08-11
80,688548,广钢气体,38008403.74,456967019.61,272838522.97,8408744645.11,9.4262281415,600669003.96,,2491038087.83,32.6088120652,29.624375492,5917706557.28,2025-08-09
81,688399,硕世生物,496146582.71,65698553.86,52746082.74,3880968305.56,-3.0778846122,14753534.09,,626051216.72,9.8588051074,16.1313148531,3254917088.84,2025-08-09
82,603701,德宏股份,111265281.16,283207673.57,198227397.06,1379314930.71,21.8293541486,241540205.31,1098048.22,550237506.02,64.0133730159,39.8920865546,829077424.69,2025-08-09
83,600929,雪天盐业,1830736284.44,132902925.71,397668824.29,10869485657.48,-6.5917370163,397985388.59,,2724076119.78,-11.6235453071,25.0616837413,8145409537.7,2025-08-09
84,600829,人民同泰,876306694.17,4078912713.62,1076945798.36,7010308027.31,-2.4850841813,1451525403.14,8118097.04,4056585101.29,-7.5084153533,57.8660036832,2953722926.02,2025-08-09
85,600255,鑫科材料,743139196.23,674349958.32,681284558.12,4308137099.19,5.8425270429,239330702.18,,2468377247.88,7.4300191153,57.2956986059,1839759851.31,2025-08-09
86,600203,福日电子,1704852649.56,2382220761.79,1720242312.1,8556657098.31,13.9333531866,1963589658.4,,6814419727.04,24.83849925,79.6388081087,1742237371.27,2025-08-09
87,600173,卧龙新能,548085297.63,805381764.09,2989465768.07,8198158661.34,29.8177764992,1019562071.82,118392414.11,3501598282.91,41.1772479917,42.7120092152,4696560378.43,2025-08-09
88,600020,中原高速,621333520.09,1515341344.51,4788507188.04,53013088005.69,5.0041194745,218897950.25,23749167.27,37643607646.27,5.9439093353,71.0081398055,15369480359.42,2025-08-09
89,301372,科净源,84769243.06,487035985.47,119013197.46,1451104433.18,1.2147437514,336496693.22,,665676909.32,18.0348219615,45.8738112915,785427523.86,2025-08-09
90,301037,保立佳,246635645.06,562206330.1,121915529.44,2446792942.95,-3.3524489919,148000261.12,,1810557207.29,3.4412490623,73.9971566661,636235735.66,2025-08-09
91,300690,双一科技,345882715.19,479536073.78,204796621.68,1969593946.5,11.3899790032,194358146.35,1664.1,430802247.93,20.7683770811,21.8726427696,1538791698.57,2025-08-09
92,300453,三鑫医疗,215582883.36,83141400.74,196390620.74,2245710557.75,10.0581486955,213767066.23,,811974080.52,11.4880832353,36.1566666603,1433736477.23,2025-08-09
93,300421,力星股份,158711820.66,383430721.78,322793319.48,1977498687.68,11.3458231151,173837081.47,,721626285.2,42.5449395233,36.4918717618,1255872402.48,2025-08-09
94,300221,银禧科技,82348924.86,627315956.37,280932172.05,2286573760.35,6.2957815238,288977722.63,,876163513.74,7.4694297545,38.3177454816,1410410246.61,2025-08-09
95,300146,汤臣倍健,2869597310.71,504221556.85,550706672.77,13596636941.4,2.2517141265,264143281.88,46600.06,2323929559.28,18.886262738,17.0919439071,11272707382.12,2025-08-09
96,300042,朗科科技,596013121.73,76890103.49,201229717.8,1194909420.41,-13.2868964855,55071578.58,0.0,191090696.46,-28.7746767704,15.9920654399,1003818723.95,2025-08-09
97,002962,五方光电,961670732.54,168071896.64,185498577.77,2056200618.14,-0.1095326414,140023836.89,547408.98,292826621.73,20.1544808198,14.2411503599,1763373996.41,2025-08-09
98,002882,金龙羽,811978016.24,1502364881.17,936628891.25,4537480653.33,38.9111732864,81709383.02,,2446088087.3,108.9884382709,53.9085072573,2091392566.03,2025-08-09
99,002820,桂发祥,396386076.74,13727065.92,40371140.17,955317520.95,-3.4401539608,15522798.52,1322576.6,68241201.92,-7.0679229057,7.1433005701,887076319.03,2025-08-09
100,002519,银河电子,288677888.63,604189474.93,732051601.92,3351710938.22,-20.2190205343,180442169.68,,1044682396.9,4.4303009397,31.1686304743,2307028541.32,2025-08-09
101,002465,海格通信,2541253822.67,5710792957.2,1458268653.6,20127970154.29,3.8700727602,2630437158.06,9880232.77,7136868483.1,18.2622426206,35.4574675359,12991101671.19,2025-08-09
102,002173,创新医疗,249045212.83,74886592.5,29748742.63,2154289877.85,-3.9441267264,174414919.5,152083.34,388382966.52,0.216305942,18.0283521969,1765906911.33,2025-08-09
103,688768,容知日新,201319304.37,441054875.76,112748264.8,1268075436.54,22.7467111074,88866073.78,,235955433.78,-0.3029062093,18.6073656961,1032120002.76,2025-08-08
104,688585,上纬新材,277348778.02,461998415.54,205930984.96,2067255867.42,13.6300178284,299110036.26,,745630873.35,28.8804024951,36.0686301634,1321624994.07,2025-08-08
105,688581,安杰思,1333375463.07,60064956.17,58070367.2,2646347943.77,14.1988178437,41875941.13,,219327982.57,127.6736617631,8.2879495528,2427019961.2,2025-08-08
106,688519,南亚新材,523205376.64,2102375257.57,529998945.61,5616988637.8,24.5054049501,1174779473.89,,3034382881.86,47.4993527711,54.0215242993,2582605755.94,2025-08-08
107,688368,晶丰明源,242383106.32,256267616.5,276359910.2,1988774080.02,-8.9263826358,129653378.56,,841667900.01,10.1336526223,42.3209407477,1147106180.01,2025-08-08
108,688091,上海谊众,533478215.29,96578616.5,57631218.17,1494180638.52,-2.6963034611,26124264.63,,46805887.79,-38.0211593062,3.1325454623,1447374750.73,2025-08-08
109,603558,健盛集团,339889804.23,510939250.39,705478395.24,3761170134.7,1.1829524121,146255892.14,4574383.38,1337545197.92,3.4306606317,35.5619434915,2423624936.78,2025-08-08
110,603320,迪贝电气,146957284.92,156201160.01,181735319.53,1357858679.78,1.0805212122,78019932.83,,216440118.34,-56.339801468,15.9398118201,1141418561.44,2025-08-08
111,603163,圣晖集成,688486207.31,525101984.76,9220856.88,2215186897.96,18.0092387623,683617589.12,,1101146278.08,34.7429570456,49.7089558942,1114040619.88,2025-08-08
112,603096,新经典,195130000.33,126777488.52,152686313.79,1941434265.65,-4.9241302114,47143449.88,,82176665.47,-42.1200883457,4.2327812445,1859257600.18,2025-08-08
113,603087,甘李药业,1091493920.76,504575379.37,1114813922.99,11877795509.79,-0.6254887164,105408368.04,45412.85,912564797.73,-6.4485301946,7.6829475384,10965230712.06,2025-08-08
114,603063,禾望电气,1620694355.0,2349270445.87,1047723032.18,8750840347.72,18.2480640949,932187939.98,,3880789558.99,17.5143099143,44.3476215402,4870050788.73,2025-08-08
115,601128,常熟银行,,,,401226615000.0,9.2359070198,,,369268317000.0,8.9571429655,92.0348509283,31958298000.0,2025-08-08
116,600941,中国移动,190262000000.0,105822000000.0,11378000000.0,2092440000000.0,5.3432324409,315945000000.0,76534000000.0,693546000000.0,8.7509290649,33.1453231634,1398894000000.0,2025-08-08
117,600732,爱旭股份,2135551750.83,1367911776.12,2061846803.83,33991617922.68,-7.5836286246,6916891891.7,,29147328064.86,-0.3226876421,85.7485752257,4844289857.82,2025-08-08
118,600633,浙数文化,1202798377.6,751560235.3,106425709.09,12534056877.56,2.8400790084,313318220.1,1880519.14,1391131315.16,-9.7298438107,11.0988112528,11142925562.4,2025-08-08
119,600573,惠泉啤酒,1315161734.66,3347933.43,61646825.02,1755779540.6,6.0645721685,165645569.59,,409313312.51,7.16656266,23.3123409315,1346466228.09,2025-08-08
120,600368,五洲交通,312208225.93,78913865.2,137972804.75,9696636815.42,3.873449716,74210915.35,21145668.29,2806163648.05,-2.9623744864,28.9395560695,6890473167.37,2025-08-08
121,301232,飞沃科技,463616548.47,1279198861.2,469456381.47,4184321896.08,39.4464716012,591214587.66,0.0,2793706742.61,84.7596440174,66.7660570098,1390615153.47,2025-08-08
122,301052,果麦文化,171079563.46,134630679.76,192972038.01,995237622.3,20.5909223946,151032513.21,62915094.34,279825061.03,86.9130546483,28.116407053,715412561.27,2025-08-08
123,301013,利和兴,75836117.08,352166799.21,276822177.11,1565538595.91,5.2933049098,167052971.39,,774917721.95,21.311360984,49.4984744531,790620873.96,2025-08-08
124,300824,北鼎股份,401685586.98,56444239.36,158498947.81,1011100814.67,11.4854561044,50723101.39,,289790845.08,39.097781361,28.6609248925,721309969.59,2025-08-08
125,300725,药石科技,332313329.44,298698410.66,723553311.64,5524287707.55,16.8864695208,171817332.01,119523.83,1897918507.65,2.0707110121,34.3558954226,3626369199.9,2025-08-08
126,300647,超频三,102286728.06,280675952.72,199754509.17,2023174780.5,-11.6986268085,297515715.33,,1412804008.78,6.0053845972,69.8310409163,610370771.72,2025-08-08
127,300627,华测导航,1297923087.16,1284474943.37,561123302.7,5447253301.29,21.2364149976,396244478.72,,1636232318.11,25.0789534662,30.0377498091,3811020983.18,2025-08-08
128,002813,路畅科技,53531269.57,66356217.31,99524786.31,487436855.94,4.0685739937,51789685.76,0.0,215601320.73,70.3335966539,44.2316411044,271835535.21,2025-08-08
129,002782,可立克,362843414.82,1914617075.61,731475086.95,4694569088.65,18.7506487085,1639838266.51,,2599153076.71,26.8383150224,55.3651043925,2095416011.94,2025-08-08
130,002749,国光股份,1186654788.65,51582346.1,363035230.94,2617825602.24,-1.4594954047,63146801.31,,357886591.6,-15.2122172749,13.6711395631,2259939010.64,2025-08-08
131,002697,红旗连锁,2423508436.88,96975441.08,2075491057.96,8118960072.28,0.2740499565,1340671411.3,,3530874621.71,-9.1770983674,43.4892472715,4588085450.57,2025-08-08
132,002695,煌上煌,1205428249.99,121449493.85,316227396.32,3312780898.04,0.0432248081,146815296.34,,538028830.51,-2.7394508465,16.2410025616,2774752067.53,2025-08-08
133,002290,禾盛新材,494028210.93,469354664.88,369627763.74,1898914848.39,8.2450306037,190031211.25,362786.31,994890755.28,0.7478773643,52.3925944401,904024093.11,2025-08-08
134,002270,华明装备,1269141556.98,882790707.01,446340626.31,4554768953.72,5.4726231693,255222758.86,,1362700843.76,19.8024921544,29.9181112721,3192068109.96,2025-08-08
135,002033,丽江股份,700485836.21,13889015.89,15950278.33,2999733511.93,7.6181695047,143271740.29,4193860.58,328298640.67,34.7909578063,10.9442601939,2671434871.26,2025-08-08
136,001217,华尔泰,252844799.77,55916431.63,177529765.52,3541370791.72,-1.2358009129,439487013.13,106091.0,1285741501.4,-4.3614022051,36.3063225236,2255629290.32,2025-08-08
137,000990,诚志股份,2315840717.12,1083242716.43,761922460.36,27012908936.14,2.7932900155,727693645.82,1211387.29,8336172465.59,9.2954604963,30.8599584195,18676736470.55,2025-08-08
138,000915,华特达因,2071365381.51,78527284.03,78355036.26,4596433238.58,-3.7954464185,32240813.59,2423553.09,517888421.96,-16.9234444684,11.2671803348,4078544816.62,2025-08-08
139,000902,新洋丰,2172640350.21,489751469.84,3279389173.03,18347773218.31,5.1041596592,1672114683.94,,6707688567.58,-5.1303216413,36.5585975353,11640084650.73,2025-08-08
140,000683,博源化工,4606043078.07,61903824.56,739648375.52,38316230536.64,15.9230487778,3273049998.94,,19006043764.87,33.0378970548,49.6031146558,19310186771.77,2025-08-08
141,688267,中触媒,285071607.87,271598562.48,306225332.61,2998163076.58,3.5922262154,91782661.15,,197874902.05,-5.3025101614,6.599871221,2800288174.53,2025-08-07
142,688082,盛美上海,2761358152.81,2728557894.61,4394333116.4,13288530671.76,20.8015339137,1593559555.95,,5046690697.35,20.2933315359,37.9777931963,8241839974.41,2025-08-07
143,603406,天富龙,633349595.78,266487190.89,665470688.29,4047249167.48,8.1396138367,101549963.81,79820.86,342846671.5,-31.4797470231,8.4711036389,3704402495.98,2025-08-07
144,301158,德石股份,254721338.61,336703675.78,474869940.55,1827942543.89,15.3551500771,161631734.63,,471178491.97,51.0137625781,25.7764388462,1356764051.92,2025-08-07
145,300184,力源信息,866119102.75,1948077732.81,1857864488.4,6397847524.52,8.6979037832,941826952.15,,2578444095.5,16.8083322215,40.3017434476,3819403429.02,2025-08-07
146,002996,顺博合金,1849303653.55,2975631532.75,985443311.92,13711635292.02,34.2137840198,333897788.44,1247680.29,10415861889.53,49.6450717592,75.9636736808,3295773402.49,2025-08-07
147,002353,杰瑞股份,8024858216.3,6739915015.57,6099367415.22,37597241772.47,12.0072083127,3594659835.03,,14890948155.13,14.2935806823,39.6064909369,22706293617.34,2025-08-07
148,002233,塔牌集团,1157112511.29,38344432.79,580532172.97,13142080205.99,0.8085917195,515347845.69,,1196393144.43,-11.8394995779,9.1035294693,11945687061.56,2025-08-07
149,000888,峨眉山A,1650895225.12,50536776.72,40659108.59,3373927525.28,4.1844909048,82527400.8,,963570814.48,16.9230103037,28.5593216588,2410356710.8,2025-08-07
150,688041,海光信息,6733197014.76,3100219909.03,6012657314.86,32301590632.07,32.7456491631,796942485.26,,8349672975.88,166.5255067873,25.8491077761,23951917656.19,2025-08-06
151,603508,思维列控,1479562774.25,735683858.65,407805075.33,4950444787.31,3.2598509722,135564445.37,681820.47,266733592.0,17.6597769548,5.3880732633,4683711195.31,2025-08-06
152,603456,九洲药业,2811367282.5,1164881098.15,1606304281.01,10955100867.73,-1.4939404777,927081630.95,,2175837745.58,-17.985047192,19.8614122485,8779263122.15,2025-08-06
153,600273,嘉化能源,1167232258.31,834061703.47,879044159.67,13916655762.83,10.0973360158,832499750.22,,3609013027.8,37.2552389982,25.9330480635,10307642735.03,2025-08-06
154,600114,东睦股份,396598589.46,1509322117.12,970997855.06,7495328983.2,2.930526769,557635150.72,72400.0,4103086948.95,-4.2373421274,54.741919376,3392242034.25,2025-08-06
155,300940,南极光,252784687.56,343263997.65,52682395.65,1599761264.6,14.9483241472,225656133.42,,447441471.53,31.1358503742,27.9692652542,1152319793.07,2025-08-06
156,300871,回盛生物,236264147.13,390557262.66,245430574.11,2967997412.77,0.9155459914,213050304.63,,902549061.83,-40.2694498754,30.4093614754,2065448350.94,2025-08-06
157,002917,金奥博,415595839.77,720346387.06,276377517.5,3280802661.03,3.3339354476,330548280.03,,1355854524.39,0.0565062365,41.3269149192,1924948136.64,2025-08-06
158,002891,中宠股份,1386890285.27,641544783.62,603881980.57,5217900430.79,29.6468700122,389032692.27,,2136152155.05,34.837760263,40.93892138,3081748275.74,2025-08-06
159,000404,长虹华意,6099630166.71,3158851303.94,1299275406.13,15777095140.47,4.4417668598,2972465510.18,0.0,10204358285.44,2.533002225,64.678308615,5572736855.03,2025-08-06
160,688622,禾信仪器,42486523.56,97963595.15,110770504.28,827955211.07,-16.7156728564,87672886.82,,464958120.5,-22.5382828808,56.1574000965,362997090.57,2025-08-05
161,688469,芯联集成,2129779049.41,1393138793.67,2389004396.88,33187412031.69,-8.1551696852,2003702298.61,,13486163574.34,-30.2795968915,40.6363821363,19701248457.35,2025-08-05
162,688255,凯尔达,203524546.27,127696414.6,168369551.2,1211300467.52,0.3018487191,74949273.7,,160902525.48,-12.3632279397,13.2834527679,1050397942.04,2025-08-05
163,301368,丰立智能,197289859.66,176651664.29,164433468.73,1462921401.14,17.3690271794,141374823.38,,490330327.85,77.5324630098,33.5172024599,972591073.29,2025-08-05
164,300768,迪普科技,2333512840.46,130954224.04,355390809.39,3825305499.16,3.5171092033,212782574.03,2367371.2,477016093.29,-4.3788380364,12.4700130067,3348289405.87,2025-08-05
165,300653,正海生物,49300436.41,56744406.77,29665575.98,940627219.98,-2.016980213,13096941.76,,87071732.58,2.5839595987,9.2567736432,853555487.4,2025-08-05
166,300172,中电环保,400207625.94,774828164.95,102921936.7,2757600561.59,3.1931696393,442942241.79,96078.02,809262053.56,6.5298067326,29.3466017099,1948338508.03,2025-08-05
167,002843,泰嘉股份,411417368.02,432980005.78,219936561.83,2487458426.42,-2.0465668039,256443499.97,,1086369772.26,-5.5220613406,43.6738865953,1401088654.16,2025-08-05
168,001258,立新能源,455126856.75,2189450491.77,208046.02,16775516283.21,56.5023341987,1789799904.43,0.0,13559990257.01,74.8670351632,80.8320294177,3215526026.2,2025-08-05
169,000601,韶能股份,362545200.17,2071206658.52,719334302.75,13024161383.82,1.256491773,401587665.41,,8570312447.96,6.0898095505,65.8031806839,4453848935.86,2025-08-05
170,689009,九号公司,8430753730.03,1741555073.2,1907337586.25,19619969958.56,51.2072754678,3923941644.12,,12687226853.55,74.3439150716,64.6648638114,6932743105.01,2025-08-02
171,688475,萤石网络,3779860645.21,1029213701.32,753678681.79,8416293719.12,5.4258829936,1436511078.78,,2892714000.01,6.6208694385,34.3704021812,5523579719.11,2025-08-02
172,688005,容百科技,2818977448.08,3576592188.79,2002454638.4,23677412940.18,-4.1071673798,3276512748.54,,14621661202.2,-0.6750688182,61.7536267123,9055751737.98,2025-08-02
173,002577,雷柏科技,278117420.91,118594582.32,88735624.48,1343200072.65,3.4697297735,73946713.98,,149119901.75,15.1086867848,11.101838422,1194080170.9,2025-08-02
174,002415,海康威视,31286076526.36,34838491117.63,19124924891.72,124414765281.12,-2.6382234493,15820376447.17,,38605886425.59,-19.2996154603,31.0299877497,85808878855.53,2025-08-02
175,000820,*ST节能,16448470.54,134802313.89,4283560.25,475441232.61,39.3413249109,66192321.59,,247408354.38,13.2306415025,52.0376310279,228032878.23,2025-08-02
176,000802,北京文化,116358161.85,118829680.93,39517111.67,2044160736.54,-21.5530715584,182298958.88,240174389.17,1212683645.34,-13.8206787681,59.3242803104,831477091.2,2025-08-02
177,000408,藏格矿业,3313925156.23,49168584.59,408523895.3,16893419019.81,22.1630081382,275029717.67,476190.47,1188202822.4,66.0866309125,7.033524836,15705216197.41,2025-08-02
178,301211,亨迪药业,540169434.72,68213591.54,115895947.25,2392174132.73,-1.5087708366,85318671.02,,135285098.76,-3.7775421496,5.6553198577,2256889033.97,2025-08-01
179,300890,翔丰华,309599084.64,669330668.46,783842241.67,4711012343.51,12.6590252779,412387370.42,,2452503616.78,12.0989348824,52.0589511967,2258508726.73,2025-08-01
180,300641,正丹股份,1194540929.3,231813011.76,185379014.29,3388746163.9,32.7281615189,46120370.25,,115060054.81,-74.3133979814,3.3953577295,3273686109.09,2025-08-01
181,300463,迈克生物,659871130.65,1320355324.96,1035486438.13,8010813632.54,-3.5206331831,252965231.81,,1638527023.76,2.0641703294,20.4539401229,6372286608.78,2025-08-01
182,002852,道道全,168750434.68,83488712.89,1667040271.95,4447542959.43,-12.1908989442,653790304.59,,2139982520.45,-29.0262106608,48.1160618339,2307560438.98,2025-08-01
183,002657,中科金财,381069445.4,182337731.04,374148786.61,2210628233.99,-6.1163249114,201809760.03,,458047616.52,-13.3031508346,20.7202463751,1752580617.47,2025-08-01
184,002458,益生股份,1765039252.38,44734240.32,381773786.4,7554529850.4,19.3366951105,356575762.46,619963.89,3199407866.19,69.1175938173,42.3508534554,4355121984.21,2025-08-01
185,002271,东方雨虹,5074625075.72,9408638907.17,2068623905.84,44057392307.77,-6.8392402234,3361141222.76,,20950159133.12,6.866161714,47.5519726333,23107233174.65,2025-08-01
186,688668,鼎通科技,59081232.84,534463352.77,323673341.8,2368555763.0,21.1059852999,237243832.43,,502622963.45,126.8133853168,21.2206514747,1865932799.55,2025-07-31
187,605128,上海沿浦,507757938.39,933494780.5,203717994.23,2840138538.89,21.4919648571,665089564.08,,811748049.52,-26.2570088115,28.5812835679,2028390489.37,2025-07-31
188,603309,维力医疗,342912427.4,234976560.27,199549101.65,2814604974.4,1.4376085842,181254624.72,449930.84,941876867.29,-4.3320517066,33.4639097087,1872728107.11,2025-07-31
189,603101,汇嘉时代,160772136.09,139822983.91,290604065.48,4795496432.08,12.2112388062,538975635.99,34837032.09,3390077580.04,21.9603807591,70.6929434325,1405418852.04,2025-07-31
190,600897,厦门空港,122919120.16,250761542.18,287811.72,6038260887.39,6.92465344,322676798.83,17488899.42,1149141244.58,6.2245823882,19.0309969379,4889119642.81,2025-07-31
191,600530,交大昂立,119812614.08,37599673.95,40304794.31,736926378.63,-7.1965650356,18199029.41,409430.98,366299579.7,-18.4309716696,49.7064008458,370626798.93,2025-07-31
192,600178,东安动力,1069100206.89,1030404524.72,1011637932.83,7491982967.88,-2.9969883657,1435807787.56,,3967775371.64,-5.6590630246,52.9602828604,3524207596.24,2025-07-31
193,300854,中兰环保,133518447.63,350698424.19,23864916.85,1626941509.55,-1.7079739261,431527125.57,,622139414.41,-4.3485595113,38.2398144468,1004802095.14,2025-07-31
194,300750,宁德时代,350577746000.0,63800375000.0,72272139000.0,867181431000.0,21.2414038268,133420147000.0,,542792019000.0,9.5637029046,62.5926708756,324389412000.0,2025-07-31
195,300590,移为通信,636100531.52,178557860.7,336120404.59,1963979077.42,1.0589428392,107480116.1,,171368509.07,13.5802841233,8.7255771225,1792610568.35,2025-07-31
196,300508,维宏股份,31288352.39,86097235.53,65866692.58,976296804.04,14.863375158,58853417.37,,185312731.44,25.0418436652,18.9811879618,790984072.6,2025-07-31
197,002873,新天药业,94467566.35,276406588.84,146199483.75,1883979684.92,0.167080846,82295885.11,66165.41,697615625.43,-19.3646442898,37.0288295046,1186364059.49,2025-07-31
198,002787,华源控股,445839516.63,682955860.31,375707747.23,2722649521.35,0.1267150976,293673448.54,,855519917.38,-20.7708146307,31.4223300014,1867129603.97,2025-07-31
199,002693,*ST双成,4778221.6,17255802.35,79551897.39,754379967.86,-7.9845700923,12048882.42,2286962.36,365798877.36,12.1442984583,48.490004102,388581090.5,2025-07-31
200,002688,金河生物,625272499.32,590295855.78,679736654.36,5784985605.48,2.1859747295,266358082.31,,3209802710.52,1.1639558579,55.4850595908,2575182894.96,2025-07-31
201,002138,顺络电子,689210143.52,2479103159.81,1144101007.71,13357834475.13,6.0355053471,718408429.71,,6432619792.43,5.8408643871,48.1561573802,6925214682.7,2025-07-31
202,002136,安纳达,370806430.12,294059479.64,242929189.6,2088735434.51,6.0207090606,217096861.79,,747819275.42,36.427437615,35.8024890594,1340916159.09,2025-07-31
203,001339,智微智能,1700619663.05,495788494.93,1371145297.23,5731371519.64,47.9607872449,742741285.81,,3348561322.44,86.4690605556,58.4251310697,2382810197.2,2025-07-31
204,000921,海信家电,5157253114.76,12467487459.89,6258888422.7,74812977278.5,5.7850312692,17469018721.95,2173017.55,55297948921.09,6.9405465499,73.9149154768,19515028357.41,2025-07-31
205,688313,仕佳光子,317600373.47,503413056.6,534785195.15,2315786441.1,50.7978275146,278088086.15,,924724483.42,134.2142123421,39.9313368024,1391061957.68,2025-07-30
206,688100,威胜信息,1353064606.88,2213747512.42,333457918.97,5090813569.07,15.5707844826,1095995513.1,,1773363792.16,30.1710292482,34.8345852406,3317449776.91,2025-07-30
207,605507,国邦医药,1558068520.04,904916262.57,1484045023.6,10808092633.22,7.1491436055,480848685.62,,2746711183.53,9.3869300524,25.4134681922,8061381449.69,2025-07-30
208,603285,键邦股份,376993395.2,84298072.57,32239240.03,1763802115.32,53.1170077671,24264585.14,,124118139.74,5.7520566761,7.0369651256,1639683975.58,2025-07-30
209,600885,宏发股份,3471143455.37,4330311843.48,3081540249.81,21154835853.24,11.3921178377,1423375679.9,854786.92,7911319210.11,7.5197905529,37.3972138805,13243516643.13,2025-07-30
210,600711,ST盛屯,7627695159.1,902186855.76,8724454777.09,40632777772.51,3.8972820225,3001077485.79,,22668981074.62,2.914551447,55.7898876654,17963796697.89,2025-07-30
211,600663,陆家嘴,9904850508.38,585007874.9,61081819777.06,167667228386.6,6.3338815442,7284846841.78,605069420.44,117916758038.68,7.6309599547,70.3278506917,49750470347.92,2025-07-30
212,600078,澄星股份,560617475.1,115307959.68,548302319.96,5208981611.99,-1.7556350148,559861731.3,,3184545656.72,5.2089586033,61.135667083,2024435955.27,2025-07-30
213,600011,华能国际,23129651703.0,49087434625.0,11082881885.0,594611593866.0,7.6714529007,15961268271.0,,383643368309.0,2.0862107407,64.5199946094,210968225557.0,2025-07-30
214,301235,华康洁净,466683535.64,1649601934.46,574714103.64,3779618357.36,26.7225307277,354593104.27,,2011326233.34,62.1412854566,53.2150615001,1768292124.02,2025-07-30
215,300489,光智科技,61649138.38,285039605.07,1244665914.93,4197926357.9,19.462955274,727348925.66,,3234249104.11,21.044945767,77.0439695309,963677253.79,2025-07-30
216,300416,苏试试验,621256744.88,1389876253.66,429718757.13,4994777683.96,2.7936791706,421141161.32,,2098588576.63,12.6628265791,42.0156553388,2896189107.33,2025-07-30
217,002549,凯美特气,747519391.48,85835589.95,45704833.44,2828089858.17,-3.6176426545,85769160.99,,778459287.89,-17.7150778594,27.5259743123,2049630570.28,2025-07-30
218,002533,金杯电工,1226811625.5,3587046622.84,1915572449.23,11330890479.47,27.4734440506,592949133.83,4831386.01,6757106682.19,45.5736632579,59.6343834973,4573783797.28,2025-07-30
219,002296,辉煌科技,278869658.93,1050890587.55,506203514.22,3194343634.34,16.1876697331,421153048.44,152556.2,799172543.07,34.2244445742,25.0183647895,2395171091.27,2025-07-30
220,002262,恩华药业,1766578746.14,1652807186.11,743426024.3,8788524919.55,14.9970693172,264325699.37,,1143503542.9,23.2041343116,13.0113250331,7645021376.65,2025-07-30
221,603259,药明康德,21485198395.79,7032342936.21,7151214786.47,83823779902.24,12.6704162845,2158849287.23,,23414698147.44,21.3035425189,27.9332406326,60409081754.8,2025-07-29
222,601231,环旭电子,13382044690.27,8974884475.53,7461028310.4,39780975685.83,4.8154002894,9953702359.05,,21175148125.2,1.6284799615,53.2293332683,18605827560.63,2025-07-29
223,600416,湘电股份,1830429265.21,4138240784.16,2737572286.4,15207133047.29,6.3554260306,2856142120.78,,7529250379.74,9.4016551529,49.511307334,7677882667.55,2025-07-29
224,300779,惠城环保,441525752.94,418863626.33,500609267.64,5938232525.08,56.300712874,281270644.26,54240.81,4391008519.67,86.9524937709,73.9447049459,1547224005.41,2025-07-29
225,300685,艾德生物,984160214.99,596645448.48,41873616.88,2193822756.62,10.3417110765,30043052.22,48790.0,308159574.69,37.2310949032,14.0466942354,1885663181.93,2025-07-29
226,300503,昊志机电,99330513.52,715016933.5,534942317.64,2940330368.1,12.4012018476,313596564.87,,1660113210.61,13.3140410586,56.4600913088,1280217157.49,2025-07-29
227,300284,苏交科,2653806585.44,4800878578.28,54471849.61,15658261583.32,-3.5133093537,2411039761.54,2238517.66,6808433537.01,-9.1459886681,43.4814139538,8849828046.31,2025-07-29
228,002825,纳尔股份,653637466.14,280424325.71,220133841.88,2709060565.56,9.3694794568,198999919.44,,1097042699.79,8.6012440244,40.4953183305,1612017865.77,2025-07-29
229,002311,海大集团,3480782927.41,4440267645.64,12099371138.5,50686955015.9,3.0333320943,6075324378.72,11402462.04,24929011526.88,-9.9014787776,49.1823024663,25757943489.02,2025-07-29
230,002199,*ST东晶,53874426.67,73015882.51,62573200.98,460109591.31,-9.5541002336,80980856.25,,261599724.64,8.8535144224,56.8559598802,198509866.67,2025-07-29
231,002052,同洲电子,206913013.6,223218837.6,11323979.77,685153485.82,104.058005806,119982018.85,63688311.73,432624910.28,12.3600386019,63.142773004,252528575.54,2025-07-28
232,605499,东鹏饮料,5262129442.18,108191306.25,678321265.33,22915401434.98,22.888396791,1377860692.95,,14176277066.74,22.3944597986,61.8635336019,8739124368.24,2025-07-26
233,603727,博迈科,959676344.23,191028035.22,333725182.84,4788504869.17,6.7920079786,1271770286.69,,1622654504.32,25.698954597,33.8864540948,3165850364.85,2025-07-26
234,601168,西部矿业,4009787986.0,207507545.0,4787993917.0,54585506730.0,3.4964579053,2493398604.0,,32188730734.0,1.4742492601,58.9693723889,22396775996.0,2025-07-26
235,002560,通达股份,697499371.33,1937906530.06,830299947.16,5006605827.24,4.8578514403,240485249.49,,2327448786.24,10.4429719392,46.4875579694,2679157041.0,2025-07-26
236,688636,智明达,39979997.36,863363476.33,330903066.22,1692807499.19,15.3989055574,358185956.97,,565096383.58,44.3713973508,33.3821999164,1127711115.61,2025-07-25
237,603929,亚翔集成,3104442384.94,391788952.59,6168965.86,4724367080.68,8.8054410927,1691728319.04,,2885614413.03,0.683907424,61.0793861644,1838752667.65,2025-07-25
238,603588,高能环境,1841990346.63,2214348125.61,5390124910.0,27034100876.84,-3.3925236557,2408173145.38,,16772332749.92,-4.5726454394,62.0413929294,10261768126.92,2025-07-25
239,600257,大湖股份,233024724.21,121361654.82,445575844.3,1858831277.71,-7.228267476,39698861.47,,892823326.66,-9.8344259709,48.0314344484,966007951.05,2025-07-25
240,000159,国际实业,650669920.47,535794499.95,83810476.52,3512447178.17,-12.5526982444,212599352.46,1214687.85,1468464974.15,-5.0782240359,41.807460715,2043982204.02,2025-07-25
241,002536,飞龙股份,637561540.51,955233494.12,715609494.81,5426842604.35,8.4168457164,606948170.89,,2069625704.5,15.5869630345,38.1368293755,3357216899.85,2025-07-23
242,603838,*ST四通,91476334.71,94776775.91,207994227.08,1033745734.29,-1.020766402,6738841.57,,78424008.0,34.694037168,7.5863924173,955321726.29,2025-07-22
243,603162,海通发展,344112263.97,192320288.51,106056276.2,6230610561.79,22.0197112926,195480527.29,31965932.16,2063911110.47,61.7885292986,33.1253428537,4166699451.32,2025-07-22
244,300708,聚灿光电,1545941252.08,503299344.9,334064346.88,4800016206.15,4.1805406473,481690050.1,,2045109123.62,3.3103034887,42.6062962246,2754907082.53,2025-07-22
245,300604,长川科技,1307298297.53,1649966182.27,3001687392.24,8886906358.65,33.5194910669,1348738795.21,,4719824360.79,58.0402675638,53.1098694001,4167081997.86,2025-07-22
246,300125,*ST聆达,13166647.86,192394494.03,7012758.48,940698606.29,-41.7155387583,211620342.07,,1583468743.49,15.5958548967,168.3290198266,-642770137.2,2025-07-22
247,002997,瑞鹄模具,487890155.36,619479646.46,2073955865.29,6413590056.42,14.3697009695,842223636.61,,3740335555.05,10.6631233988,58.3189059816,2673254501.37,2025-07-22
248,002107,沃华医药,431483318.34,67529425.93,101298840.45,1040854572.46,4.1257178942,50754116.66,,280662733.81,-6.700448031,26.964644364,760191838.65,2025-07-22
249,605228,神通科技,511974381.28,541982121.03,252583205.23,2906705426.67,2.3507632556,410396299.97,1071077.88,1314029416.22,3.1537933846,45.2068312173,1592676010.45,2025-07-19
250,603053,成都燃气,3493244576.12,153391695.76,74613652.97,8803709327.71,5.5884052011,1131939207.58,1475870.43,3837208151.69,6.0983222973,43.5862658438,4966501176.02,2025-07-16
251,600328,中盐化工,2849496802.17,409282551.99,1008174271.19,20138793254.11,8.3269713224,1898602533.22,,7094218854.17,27.7871534143,35.2266333174,13044574399.94,2025-07-15
