股票代码,股票名称
601928,凤凰传媒
601179,中国西电
603008,喜临门
603075,热威股份
603013,亚普股份
002262,恩华药业
603279,景津装备
600031,三一重工
603027,千禾味业
000550,江铃汽车
603303,得邦照明
600750,华润江中
600741,华域汽车
002283,天润工业
600089,特变电工
002206,海 利 得
002626,金达威
605183,确成股份
002867,周大生
002273,水晶光电
002534,西子洁能
002041,登海种业
600729,重庆百货
002531,天顺风能
603515,欧普照明
001286,陕西能源
002245,蔚蓝锂芯
600694,大商股份
000528,柳    工
600601,方正科技
603766,隆鑫通用
600867,通化东宝
605377,华旺科技
000708,中信特钢
603368,柳药集团
600188,兖矿能源
002675,东诚药业
603890,春秋电子
601985,中国核电
000048,京基智农
002284,亚太股份
601369,陕鼓动力
603806,福斯特
000876,新 希 望
600888,新疆众和
002007,华兰生物
600085,同仁堂
603883,老百姓
000338,潍柴动力
002727,一心堂
001979,招商蛇口
600459,贵研铂业
000811,冰轮环境
000848,承德露露
601006,大秦铁路
002035,华帝股份
600380,健康元
601677,明泰铝业
600583,海油工程
600398,海澜之家
603060,国检集团
603899,晨光股份
002317,众生药业
002568,百润股份
002690,美亚光电
002271,东方雨虹
002003,伟星股份
600230,沧州大化
000999,华润三九
603187,海容冷链
600258,首旅酒店
603317,天味食品
002765,蓝黛科技
001289,龙源电力
600062,华润双鹤
002832,比音勒芬
002158,汉钟精机
002043,兔 宝 宝
002064,华峰化学
002396,星网锐捷
601633,长城汽车
600552,凯盛科技
002203,海亮股份
603005,晶方科技
600007,中国国贸
603477,巨星农牧
002130,沃尔核材
600060,海信视像
601107,四川成渝
000828,东莞控股
002550,千红制药
605009,豪悦护理
603848,好太太
600529,山东药玻
000700,模塑科技
600535,天士力
603936,博敏电子
601001,晋控煤业
600642,申能股份
600872,中炬高新
603993,洛阳钼业
000786,北新建材
600987,航民股份
601699,潞安环能
002048,宁波华翔
002299,圣农发展
601033,永兴股份
002322,理工能科
600521,华海药业
600557,康缘药业
600985,淮北矿业
000899,赣能股份
002705,新宝股份
603601,再升科技
002250,联化科技
605319,无锡振华
000837,秦川机床
600348,华阳股份
601058,赛轮轮胎
600499,科达制造
600546,山煤国际
000957,中通客车
601233,桐昆股份
002236,大华股份
002871,伟隆股份
601778,晶科科技
