板块,舆论分,正向词命中,负向词命中,中性词命中,宏观词命中,命中关键词,标题,新闻片段
教育,-8.3,3,3,11,29,培训,习近平出席2026世界人工智能大会暨人工智能全球治理高级别会议开幕式并发表主旨讲话,习近平出席2026世界人工智能大会暨人工智能全球治理高级别会议开幕式并发表主旨讲话 7月17日上午，国家主席习近平在上海世界会客厅出席2026世界人工智能大会暨人工智能全球治理高级别会议开幕式并发表主旨讲话。黄浦江畔，潮启新澜。世界会客厅内
人工智能,-8.3,3,3,11,29,人工智能,习近平出席2026世界人工智能大会暨人工智能全球治理高级别会议开幕式并发表主旨讲话,习近平出席2026世界人工智能大会暨人工智能全球治理高级别会议开幕式并发表主旨讲话 7月17日上午，国家主席习近平在上海世界会客厅出席2026世界人工智能大会暨人工智能全球治理高级别会议开幕式并发表主旨讲话。黄浦江畔，潮启新澜。世界会客厅内
人工智能,0.0,0,0,0,0,人工智能,央视快评：携手构建公正合理的全球人工智能治理体系,央视快评：携手构建公正合理的全球人工智能治理体系 本台今天（7月17日）播发央视快评《携手构建公正合理的全球人工智能治理体系》。
消费,-2.8,0,0,4,8,旅游,习近平会见泰国总理,习近平会见泰国总理 7月17日下午，国家主席习近平在上海西郊宾馆会见来华出席2026世界人工智能大会暨人工智能全球治理高级别会议并进行正式访问的泰国总理阿努廷。习近平指出，中泰友好绵延千年、历久弥坚。双方以诚相待、以心相交，结成“中泰一家亲
军工,-2.8,0,0,4,8,航空航天,习近平会见泰国总理,习近平会见泰国总理 7月17日下午，国家主席习近平在上海西郊宾馆会见来华出席2026世界人工智能大会暨人工智能全球治理高级别会议并进行正式访问的泰国总理阿努廷。习近平指出，中泰友好绵延千年、历久弥坚。双方以诚相待、以心相交，结成“中泰一家亲
教育,-2.8,0,0,4,8,教育,习近平会见泰国总理,习近平会见泰国总理 7月17日下午，国家主席习近平在上海西郊宾馆会见来华出席2026世界人工智能大会暨人工智能全球治理高级别会议并进行正式访问的泰国总理阿努廷。习近平指出，中泰友好绵延千年、历久弥坚。双方以诚相待、以心相交，结成“中泰一家亲
一带一路,-2.8,0,0,4,8,跨境,习近平会见泰国总理,习近平会见泰国总理 7月17日下午，国家主席习近平在上海西郊宾馆会见来华出席2026世界人工智能大会暨人工智能全球治理高级别会议并进行正式访问的泰国总理阿努廷。习近平指出，中泰友好绵延千年、历久弥坚。双方以诚相待、以心相交，结成“中泰一家亲
人工智能,-2.8,0,0,4,8,人工智能,习近平会见泰国总理,习近平会见泰国总理 7月17日下午，国家主席习近平在上海西郊宾馆会见来华出席2026世界人工智能大会暨人工智能全球治理高级别会议并进行正式访问的泰国总理阿努廷。习近平指出，中泰友好绵延千年、历久弥坚。双方以诚相待、以心相交，结成“中泰一家亲
军工,-3.6,0,0,8,6,国防,习近平会见柬埔寨首相,习近平会见柬埔寨首相 7月17日下午，国家主席习近平在上海西郊宾馆会见来华出席2026世界人工智能大会暨人工智能全球治理高级别会议并进行工作访问的柬埔寨首相洪玛奈。习近平指出，中柬两国同舟共济、守望相助，铁杆友谊历经了岁月洗礼和风雨考验。历
电力,-3.6,0,0,8,6,电力,习近平会见柬埔寨首相,习近平会见柬埔寨首相 7月17日下午，国家主席习近平在上海西郊宾馆会见来华出席2026世界人工智能大会暨人工智能全球治理高级别会议并进行工作访问的柬埔寨首相洪玛奈。习近平指出，中柬两国同舟共济、守望相助，铁杆友谊历经了岁月洗礼和风雨考验。历
农业,-3.6,0,0,8,6,农业,习近平会见柬埔寨首相,习近平会见柬埔寨首相 7月17日下午，国家主席习近平在上海西郊宾馆会见来华出席2026世界人工智能大会暨人工智能全球治理高级别会议并进行工作访问的柬埔寨首相洪玛奈。习近平指出，中柬两国同舟共济、守望相助，铁杆友谊历经了岁月洗礼和风雨考验。历
一带一路,-3.6,0,0,8,6,跨境,习近平会见柬埔寨首相,习近平会见柬埔寨首相 7月17日下午，国家主席习近平在上海西郊宾馆会见来华出席2026世界人工智能大会暨人工智能全球治理高级别会议并进行工作访问的柬埔寨首相洪玛奈。习近平指出，中柬两国同舟共济、守望相助，铁杆友谊历经了岁月洗礼和风雨考验。历
人工智能,-3.6,0,0,8,6,人工智能,习近平会见柬埔寨首相,习近平会见柬埔寨首相 7月17日下午，国家主席习近平在上海西郊宾馆会见来华出席2026世界人工智能大会暨人工智能全球治理高级别会议并进行工作访问的柬埔寨首相洪玛奈。习近平指出，中柬两国同舟共济、守望相助，铁杆友谊历经了岁月洗礼和风雨考验。历
人工智能,-2.4,0,0,2,9,人工智能,习近平会见联合国秘书长,习近平会见联合国秘书长 7月17日下午，国家主席习近平在上海西郊宾馆会见来华出席2026世界人工智能大会暨人工智能全球治理高级别会议的联合国秘书长古特雷斯。习近平指出，古特雷斯先生担任联合国秘书长10年来，领导联合国坚定捍卫多边主义、积极应
一带一路,3.0,3,0,0,0,跨境,上半年我国涉外收支规模创新高 外汇市场交易量稳步增长,上半年我国涉外收支规模创新高 外汇市场交易量稳步增长 国务院新闻办今天（7月17日）举行新闻发布会，介绍2026年上半年我国外汇收支情况。国家外汇管理局数据显示，上半年我国涉外收支规模创新高，银行代客涉外收入和支出合计9.2万亿美元，同比增
金融,3.0,3,0,0,0,银行,上半年我国涉外收支规模创新高 外汇市场交易量稳步增长,上半年我国涉外收支规模创新高 外汇市场交易量稳步增长 国务院新闻办今天（7月17日）举行新闻发布会，介绍2026年上半年我国外汇收支情况。国家外汇管理局数据显示，上半年我国涉外收支规模创新高，银行代客涉外收入和支出合计9.2万亿美元，同比增
电力,-0.3,0,0,1,0,电力,美军连续第六晚对伊朗实施打击 伊朗袭击美军基地,美军连续第六晚对伊朗实施打击 伊朗袭击美军基地 美国中央司令部16日称，美军连续第六晚对伊朗实施打击，动用战斗机、无人机和军舰，发射精确制导弹药，击中数十个伊朗军事目标。据伊朗媒体16日报道，伊朗南部霍尔木兹甘省至少3座桥梁遭美军袭击，多地
航空机场,-0.3,0,0,1,0,机场|飞机,美军连续第六晚对伊朗实施打击 伊朗袭击美军基地,美军连续第六晚对伊朗实施打击 伊朗袭击美军基地 美国中央司令部16日称，美军连续第六晚对伊朗实施打击，动用战斗机、无人机和军舰，发射精确制导弹药，击中数十个伊朗军事目标。据伊朗媒体16日报道，伊朗南部霍尔木兹甘省至少3座桥梁遭美军袭击，多地
石油石化,-0.3,0,0,1,0,天然气|石油,乌总统称军方与国防部存在分歧 已任命新代理防长,乌总统称军方与国防部存在分歧 已任命新代理防长 乌克兰总统泽连斯基16日称，乌军方与乌国防部之间存在分歧。他已委任乌国家安全局负责人赫马拉代替乌国防部长费奥多罗夫，担任代理国防部长一职。据乌总统网站同一天发布的消息，乌还对多地军事行政机构负
