股票代码,股票名称
605377,华旺科技
600380,健康元
601857,中国石油
600007,中国国贸
000807,云铝股份
601600,中国铝业
601898,中煤能源
000060,中金岭南
603619,中曼石油
601083,锦江航运
000729,燕京啤酒
002128,电投能源
603298,杭叉集团
600031,三一重工
603238,诺邦股份
002322,理工能科
000975,山金国际
601918,新集能源
000534,万泽股份
002301,齐心集团
000983,山西焦煤
600754,锦江酒店
600900,长江电力
000935,四川双马
600219,南山铝业
600223,福瑞达
601156,东航物流
603848,好太太
002746,仙坛股份
600508,上海能源
002262,恩华药业
002299,圣农发展
002539,云图控股
600060,海信视像
600315,上海家化
605183,确成股份
000915,华特达因
600196,复星医药
000933,神火股份
600256,广汇能源
002327,富安娜
601225,陕西煤业
001205,盛航股份
