序号,股票代码,股票简称,最新价,阶段涨跌幅,连续换手率,资金流入净额
2,601026,道生天合,29.68,396.32%,79.61%,210000000.0
8,601212,白银有色,6.53,73.67%,62.78%,252000000.0
12,2320,海峡股份,14.0,58.37%,41.40%,334000000.0
18,301292,海科新源,26.02,44.80%,284.01%,352000000.0
20,506,招金黄金,14.65,43.21%,93.31%,463999999.99999994
24,300588,熙菱信息,27.71,40.23%,85.52%,165000000.0
34,300096,ST易联众,8.5,36.00%,67.96%,17529700.0
36,2082,万邦德,15.25,35.44%,55.90%,135000000.0
39,600,建投能源,9.43,34.14%,55.92%,330000000.0
40,6,深振业A,12.24,31.90%,82.36%,57218700.0
54,300774,倍杰特,14.66,28.48%,166.58%,85884000.0
67,605008,长鸿高科,17.43,25.22%,10.97%,77107600.0
69,300483,首华燃气,15.15,25.00%,105.41%,182000000.0
71,417,合百集团,7.31,24.53%,77.89%,139000000.0
80,600201,生物股份,10.79,23.88%,57.56%,166000000.0
84,300642,透景生命,28.18,23.43%,112.52%,138000000.0
86,2963,豪尔赛,15.92,23.32%,60.79%,77534800.0
87,300055,万邦达,6.94,22.83%,42.54%,74236700.0
90,300389,艾比森,20.1,22.26%,43.29%,133000000.0
91,2716,湖南白银,8.04,22.19%,134.49%,596000000.0
94,2407,多氟多,20.27,21.60%,141.00%,505999999.99999994
95,600711,盛屯矿业,10.45,21.51%,103.22%,26315000.0
103,600121,郑州煤电,4.95,20.44%,65.26%,296000000.0
105,600496,精工钢构,4.24,20.11%,32.40%,174000000.0
113,600595,中孚实业,6.06,19.06%,31.78%,244000000.0
119,300368,汇金股份,18.31,18.51%,242.69%,112999999.99999999
122,2811,郑中设计,13.73,18.36%,58.63%,59800900.0
124,301027,华蓝集团,19.23,18.34%,140.28%,86489500.0
126,300490,华自科技,12.87,18.29%,171.09%,217000000.0
135,603861,白云电器,12.22,17.39%,57.84%,61574700.0
136,300086,康芝药业,7.85,17.34%,118.13%,149000000.0
139,600179,安通控股,4.28,17.26%,17.79%,112000000.00000001
140,603,盛达资源,26.37,17.25%,56.12%,43988200.0
151,300302,同有科技,22.51,16.39%,186.47%,524000000.0
152,933,神火股份,22.48,16.30%,28.45%,731000000.0
154,2787,华源控股,9.43,16.28%,69.75%,160000000.0
162,300509,新美星,10.71,15.78%,58.83%,54069799.99999999
168,2270,华明装备,22.68,15.42%,20.56%,16472900.0
169,601077,渝农商行,7.28,15.37%,10.50%,984000000.0
171,531,穗恒运A,6.91,15.36%,22.65%,13433699.999999998
173,601288,农业银行,7.62,15.28%,1.52%,5950000000.0
175,601963,重庆银行,10.3,15.21%,12.64%,369000000.0
177,899,赣能股份,10.52,14.97%,22.93%,143000000.0
180,300018,中元股份,10.05,14.60%,93.40%,29620600.0
181,2919,名臣健康,17.41,14.54%,40.64%,64502200.0
186,301010,晶雪节能,21.3,14.45%,30.12%,22897600.000000004
187,680,山推股份,11.49,14.44%,42.10%,305000000.0
192,2626,金达威,21.61,14.22%,20.94%,181000000.0
193,2043,兔宝宝,12.06,14.20%,21.07%,231999999.99999997
194,603086,先达股份,10.14,14.19%,78.19%,72821200.0
195,300138,晨光生物,14.41,14.18%,36.83%,118000000.0
196,300125,*ST聆达,9.58,14.18%,52.29%,15353599.999999998
201,601969,海南矿业,9.15,13.95%,18.43%,174000000.0
204,603069,海汽集团,24.3,13.87%,42.93%,111000000.00000001
205,905,厦门港务,9.36,13.87%,25.70%,18685900.0
206,601898,中煤能源,13.29,13.78%,4.68%,256000000.0
208,600792,云煤能源,4.23,13.71%,27.85%,123000000.0
214,603766,隆鑫通用,13.76,13.34%,19.61%,369000000.0
216,600578,京能电力,4.62,13.24%,8.29%,151000000.0
217,2836,新宏泽,10.35,13.24%,43.76%,25536900.0
218,975,山金国际,23.96,13.23%,17.91%,359000000.0
219,300093,*ST金刚,13.8,13.21%,17.90%,823800.0
221,2490,山东墨龙,6.78,13.19%,101.88%,139000000.0
223,603077,和邦生物,2.16,13.09%,42.62%,40215100.0
226,300585,奥联电子,17.83,12.99%,72.45%,31546800.0
228,301207,华兰疫苗,19.49,12.92%,7.05%,68917700.0
230,2026,山东威达,14.99,12.88%,74.70%,107000000.0
232,600012,皖通高速,14.86,12.83%,10.34%,158000000.0
233,792,盐湖股份,22.1,12.81%,18.62%,469000000.00000006
238,2293,罗莱生活,8.82,12.64%,11.88%,89291800.0
239,567,海德股份,7.13,12.64%,15.76%,178000000.0
240,300332,天壕能源,6.33,12.63%,51.84%,91838000.0
244,600388,龙净环保,15.11,12.51%,14.80%,154000000.0
246,600515,海南机场,4.5,12.50%,16.83%,628000000.0
247,2497,雅化集团,15.85,12.49%,56.81%,663000000.0
250,300164,通源石油,5.99,12.38%,183.23%,185000000.0
251,612,焦作万方,8.99,12.38%,54.23%,261000000.0
253,603568,伟明环保,21.6,12.32%,5.56%,292000000.0
255,1896,豫能控股,5.76,12.28%,31.88%,117000000.0
259,300523,辰安科技,25.13,12.14%,24.88%,145000000.0
260,600758,辽宁能源,4.16,12.13%,23.67%,111000000.00000001
265,751,锌业股份,3.93,11.97%,60.92%,6244000.0
279,300983,尤安设计,24.51,11.71%,13.93%,17415300.0
281,776,广发证券,23.37,11.71%,25.27%,610000000.0
283,688033,天宜新材,6.98,11.68%,51.66%,26623900.0
285,600497,驰宏锌锗,6.64,11.60%,40.37%,694000000.0
287,1203,大中矿业,13.1,11.49%,15.95%,85147500.0
290,601068,中铝国际,5.16,11.45%,7.90%,41583400.0
291,300437,清水源,9.57,11.41%,51.48%,32285600.0
293,600236,桂冠电力,7.17,11.34%,2.96%,212000000.0
294,605189,富春染织,17.6,11.32%,34.85%,2003600.0000000002
295,601600,中国铝业,8.47,11.30%,29.80%,1557000000.0
298,957,中通客车,12.24,11.27%,57.68%,234000000.0
299,603759,海天股份,8.56,11.17%,14.63%,17077100.0
300,300710,万隆光电,21.61,11.16%,84.22%,36681600.0
301,2478,常宝股份,6.08,11.15%,30.30%,26171400.0
303,300082,奥克股份,8.33,11.07%,28.06%,62589700.0
304,2135,东南网架,4.62,11.06%,25.44%,124000000.0
307,601012,隆基绿能,19.7,10.92%,35.87%,1191000000.0
308,300012,华测检测,14.33,10.91%,36.99%,325000000.0
309,300137,ST先河,7.24,10.87%,16.67%,64009900.0
310,600057,厦门象屿,7.76,10.86%,10.99%,192000000.0
317,2177,御银股份,8.2,10.66%,116.78%,274000000.0
320,601319,中国人保,8.5,10.53%,3.15%,690000000.0
324,600665,天地源,3.4,10.39%,19.35%,3544900.0
326,2790,瑞尔特,7.9,10.34%,19.75%,53378200.0
327,601015,陕西黑猫,3.85,10.32%,23.28%,64099000.0
331,2596,海南瑞泽,4.03,10.11%,58.01%,176000000.0
334,2967,广电计量,20.58,10.05%,22.39%,14879300.0
338,600686,金龙汽车,12.49,9.95%,64.86%,499000000.0
339,601225,陕西煤业,22.45,9.94%,6.16%,637000000.0
340,605228,神通科技,17.88,9.90%,16.28%,7820300.0
343,300423,昇辉科技,7.36,9.85%,78.95%,47981000.0
344,2541,鸿路钢构,19.45,9.82%,15.73%,104000000.0
347,300505,川金诺,21.44,9.72%,108.45%,353000000.0
348,600618,氯碱化工,11.09,9.69%,17.57%,30564899.999999996
349,603558,健盛集团,10.65,9.68%,17.59%,45206899.99999999
351,2181,粤传媒,8.64,9.64%,52.82%,4781000.0
352,603053,成都燃气,11.4,9.62%,11.14%,55146600.0
353,300329,海伦钢琴,14.7,9.62%,36.02%,13515400.0
358,605599,菜百股份,15.22,9.58%,9.19%,87851900.0
360,600188,兖矿能源,15.03,9.55%,11.46%,428000000.0
361,600115,中国东航,4.48,9.54%,8.13%,806000000.0
362,543,皖能电力,7.71,9.52%,28.71%,270000000.0
365,2928,华夏航空,10.68,9.43%,19.30%,27344200.0
367,601718,际华集团,3.86,9.35%,17.04%,73476900.0
369,600808,马钢股份,3.98,9.34%,21.96%,204000000.0
370,528,柳工,11.62,9.31%,44.48%,579000000.0
373,300189,神农种业,4.71,9.28%,117.71%,14723800.000000002
374,681,视觉中国,22.29,9.26%,106.70%,1173000000.0
378,600623,华谊集团,8.93,9.17%,10.78%,39586300.0
380,301348,蓝箭电子,24.69,9.15%,126.41%,122000000.0
382,3816,中国广核,3.96,9.09%,5.77%,1312000000.0
383,886,海南高速,7.08,9.09%,38.08%,197000000.0
384,17,深中华A,7.22,9.06%,100.80%,67302900.0
385,1333,光华股份,25.19,9.05%,86.63%,53004900.0
386,600886,国投电力,14.22,9.05%,4.99%,980000000.0000001
388,600919,江苏银行,10.99,9.03%,10.22%,1478000000.0
389,601111,中国国航,8.46,9.02%,7.34%,976000000.0
390,2342,巨力索具,8.12,8.99%,69.05%,172000000.0
393,300740,水羊股份,23.03,8.94%,64.98%,18254600.0
396,600630,龙头股份,9.29,8.91%,68.51%,20632100.0
397,600251,冠农股份,8.8,8.91%,17.10%,11608900.000000002
399,2848,*ST高斯,8.47,8.87%,49.17%,65917900.0
400,2719,麦趣尔,9.6,8.84%,44.13%,14099900.0
401,2379,宏创控股,18.22,8.84%,19.98%,157000000.0
402,301468,博盈特焊,27.72,8.83%,37.85%,29654300.0
405,791,甘肃能源,6.97,8.74%,14.84%,103000000.0
411,600469,风神股份,6.3,8.62%,12.92%,1242000.0
412,300537,广信材料,26.6,8.62%,119.26%,85485600.0
415,600569,安阳钢铁,2.29,8.53%,11.00%,47951100.0
416,688599,天合光能,18.07,8.53%,28.27%,550000000.0
417,603365,水星家纺,18.24,8.51%,9.02%,82268400.0
420,600882,妙可蓝多,26.61,8.48%,17.95%,71511000.0
421,300970,华绿生物,14.99,8.47%,49.70%,23944600.0
422,600926,杭州银行,16.4,8.47%,8.73%,1159000000.0
424,2700,万憬能源,7.31,8.46%,36.65%,29441500.0
425,688334,西高院,20.79,8.45%,41.31%,39978400.0
427,600970,中材国际,9.38,8.44%,12.14%,269000000.0
428,301039,中集车辆,9.65,8.43%,12.47%,166000000.0
429,2056,横店东磁,20.06,8.43%,43.21%,204999999.99999997
432,300414,中光防雷,13.2,8.37%,55.42%,41142500.0
433,2207,准油股份,8.42,8.37%,141.91%,88658400.0
435,601121,宝地矿业,7.14,8.35%,54.12%,11790900.0
438,300424,航新科技,16.52,8.26%,42.24%,110000000.00000001
440,300933,中辰股份,9.48,8.22%,75.07%,6645400.0
442,2807,江阴银行,4.87,8.22%,14.84%,258000000.0
444,2895,川恒股份,28.51,8.20%,28.73%,518000000.0
446,600546,山煤国际,10.96,8.19%,25.69%,229000000.0
449,601187,厦门银行,6.91,8.14%,16.40%,159000000.0
450,2163,海南发展,10.89,8.14%,58.65%,155000000.0
452,600022,山东钢铁,1.6,8.11%,13.73%,224000000.00000003
454,429,粤高速A,11.64,8.08%,9.62%,52410500.0
456,2204,大连重工,6.44,8.05%,31.70%,92676700.0
457,300044,ST赛为,4.18,8.01%,33.72%,217700.0
460,600993,马应龙,28.4,7.98%,19.77%,215000000.0
462,600428,中远海特,7.05,7.96%,15.48%,215000000.0
463,601608,中信重工,5.7,7.95%,15.31%,55624600.0
465,600997,开滦股份,7.17,7.82%,8.44%,81703400.0
468,2397,梦洁股份,3.86,7.82%,25.97%,56186300.0
470,2240,盛新锂能,19.6,7.81%,55.40%,208000000.0
471,300673,佩蒂股份,18.68,7.79%,55.74%,49664799.99999999
472,601059,信达证券,20.0,7.76%,71.99%,590000000.0
473,2213,大为股份,20.28,7.76%,205.87%,42822800.0
479,600481,双良节能,6.57,7.70%,47.21%,294000000.0
480,601838,成都银行,18.51,7.68%,7.00%,592000000.0
481,600725,云维股份,3.65,7.67%,16.46%,30729400.0
483,425,徐工机械,11.15,7.63%,13.56%,781000000.0
484,603378,亚士创能,5.93,7.62%,26.60%,25568100.0
489,2792,通宇通讯,18.06,7.56%,76.83%,273000000.0
491,2318,久立特材,24.76,7.51%,17.62%,229999999.99999997
492,2110,三钢闽光,4.3,7.50%,10.78%,68345700.0
494,603500,祥和实业,11.82,7.45%,34.02%,34250700.0
498,600438,通威股份,23.6,7.42%,22.49%,1962000000.0
502,600302,标准股份,7.15,7.36%,27.70%,38774700.0
505,600266,城建发展,5.26,7.35%,23.36%,31328900.0
512,600897,厦门空港,15.33,7.28%,7.68%,40549600.0
513,2800,天顺股份,14.91,7.27%,49.46%,16398200.0
514,600282,南钢股份,5.17,7.26%,8.38%,361000000.0
515,407,胜利股份,3.7,7.25%,25.40%,29366500.0
517,600025,华能水电,9.94,7.23%,2.20%,487000000.0
518,600444,国机通用,18.41,7.22%,54.24%,25981200.0
522,600000,浦发银行,13.32,7.16%,3.46%,151000000.0
523,600506,统一股份,20.52,7.15%,53.62%,72716800.0
525,898,鞍钢股份,2.7,7.14%,6.73%,172000000.0
527,600219,南山铝业,4.06,7.12%,22.43%,252000000.0
531,600425,青松建化,4.67,7.11%,51.60%,38196500.0
534,603183,建研院,4.57,7.03%,27.39%,5406200.0
537,2267,陕天然气,8.57,6.99%,15.82%,110000000.00000001
538,600470,六国化工,5.85,6.95%,37.22%,39951900.0
540,300444,双杰电气,8.48,6.94%,92.07%,155000000.0
542,2852,道道全,11.42,6.93%,33.61%,14791700.0
543,2228,合兴包装,3.4,6.92%,12.61%,53980200.00000001
545,2107,沃华医药,6.65,6.91%,15.01%,17420100.0
547,566,海南海药,5.89,6.90%,25.25%,108000000.0
550,2658,雪迪龙,8.55,6.88%,57.74%,86853799.99999999
551,603706,东方环宇,21.92,6.87%,17.66%,12110200.0
554,600080,金花股份,7.48,6.86%,18.05%,6867000.0
555,300150,世纪瑞尔,5.92,6.86%,49.47%,32453800.0
557,600185,珠免集团,6.08,6.85%,22.61%,134000000.00000001
558,603213,镇洋发展,14.21,6.84%,9.92%,11626700.0
559,2479,富春环保,5.31,6.84%,16.64%,43681300.0
560,601991,大唐发电,3.6,6.82%,9.95%,144000000.0
562,300247,融捷健康,4.4,6.80%,27.25%,23247199.999999996
564,600119,长江投资,8.49,6.79%,26.97%,17522400.0
568,600350,山东高速,9.23,6.71%,2.92%,222000000.00000003
570,2948,青岛银行,5.1,6.69%,12.27%,136000000.0
571,600395,盘江股份,5.59,6.68%,11.09%,73703400.0
572,2302,西部建设,6.89,6.66%,22.23%,66207400.0
579,2828,贝肯能源,10.75,6.54%,76.09%,110000000.00000001
580,807,云铝股份,20.68,6.54%,16.98%,443000000.0
581,603071,物产环能,14.43,6.49%,6.06%,45606899.99999999
582,600064,南京高科,8.38,6.48%,16.10%,153000000.0
583,2016,世荣兆业,6.25,6.47%,19.44%,62877000.0
584,600985,淮北矿业,13.36,6.45%,9.38%,233000000.0
585,601918,新集能源,6.78,6.44%,24.75%,462000000.0
586,600681,百川能源,4.15,6.41%,14.51%,42371300.0
587,600059,古越龙山,10.15,6.39%,17.49%,35003600.0
589,421,南京公用,6.67,6.38%,29.06%,20937199.999999996
590,601665,齐鲁银行,6.18,6.37%,12.33%,518000000.0
591,600958,东方证券,11.35,6.37%,21.35%,1118000000.0
594,603909,建发合诚,11.08,6.33%,11.78%,9653400.0
595,600221,海航控股,1.68,6.33%,15.38%,819999999.9999999
596,2973,侨银股份,15.83,6.31%,32.79%,81801000.0
597,600724,宁波富达,5.22,6.31%,11.11%,32313400.0
598,2763,汇洁股份,7.26,6.30%,19.89%,25527900.0
599,600867,通化东宝,8.8,6.28%,12.62%,61924500.0
601,600295,鄂尔多斯,10.68,6.27%,6.72%,70511700.0
605,709,河钢股份,2.55,6.25%,12.04%,254000000.0
607,605196,华通线缆,26.05,6.20%,25.26%,16354800.0
609,2820,桂发祥,12.86,6.19%,49.20%,18050400.0
610,601009,南京银行,11.68,6.18%,6.11%,311000000.0
612,719,中原传媒,12.39,6.17%,13.75%,1859300.0
613,1979,招商蛇口,10.17,6.16%,9.31%,271000000.0
615,2969,嘉美包装,3.63,6.14%,13.83%,29889500.0
617,692,惠天热电,3.63,6.14%,21.12%,4892800.0
618,600714,金瑞矿业,11.94,6.13%,29.66%,2963800.0
620,601998,中信银行,7.79,6.13%,1.94%,303000000.0
622,603967,中创物流,11.8,6.12%,11.98%,52229600.0
623,600581,八一钢铁,4.51,6.12%,42.86%,57381500.0
626,601985,中国核电,9.04,6.10%,8.73%,1190000000.0
629,603017,中衡设计,10.66,6.07%,60.62%,32518500.0
630,600377,宁沪高速,13.45,6.07%,2.75%,119000000.0
634,601229,上海银行,9.49,6.03%,6.74%,877000000.0
635,2102,能特科技,3.87,6.03%,16.24%,14072300.0
636,603817,海峡环保,6.52,6.02%,18.09%,22650200.0
637,603697,有友食品,11.98,6.02%,15.56%,17831000.0
639,601577,长沙银行,9.35,6.01%,6.69%,385000000.0
642,2663,普邦股份,2.12,6.00%,23.22%,5529900.0
646,603808,歌力思,8.17,5.97%,12.34%,12438400.0
648,600257,大湖股份,5.51,5.96%,31.67%,21567199.999999996
649,600731,湖南海利,7.49,5.94%,22.43%,31649899.999999996
650,1965,招商公路,10.34,5.94%,3.25%,214000000.0
651,601886,江河集团,7.71,5.91%,7.62%,16218800.000000002
652,2202,金风科技,14.9,5.90%,57.61%,606000000.0
655,300901,中胤时尚,15.66,5.88%,18.82%,3111300.0
659,2998,优彩资源,8.89,5.83%,68.47%,6559500.0
661,2603,以岭药业,16.94,5.81%,13.70%,158000000.0
662,603966,法兰泰克,11.32,5.79%,30.78%,56881600.0
663,600784,鲁银投资,6.58,5.79%,11.72%,49076700.0
664,2893,京能热力,11.7,5.79%,57.88%,62465700.0
666,2574,明牌珠宝,5.87,5.77%,24.49%,25735500.0
667,600773,西藏城投,11.02,5.76%,13.29%,68510300.0
668,902,新洋丰,14.31,5.76%,12.00%,91049200.0
669,2459,晶澳科技,13.6,5.75%,22.97%,17242400.0
671,601825,沪农商行,8.86,5.73%,3.46%,458000000.0
672,601101,昊华能源,7.75,5.73%,12.76%,63301700.0
673,603037,凯众股份,14.09,5.70%,58.98%,57373800.0
680,600712,南宁百货,7.11,5.65%,31.06%,5927500.0
683,600874,创业环保,6.18,5.64%,11.34%,67100700.0
684,623,吉林敖东,20.23,5.64%,22.14%,111000000.00000001
685,2996,顺博合金,7.5,5.63%,48.97%,24273400.0
688,601939,建设银行,9.22,5.61%,14.12%,1331000000.0
689,600740,山西焦化,4.15,5.60%,13.44%,106000000.0
691,2160,常铝股份,4.35,5.58%,32.77%,11475100.0
692,600815,厦工股份,2.84,5.58%,14.02%,15973800.000000002
693,600084,中信尼雅,5.5,5.57%,6.33%,12056000.0
694,601699,潞安环能,15.35,5.57%,16.48%,248000000.0
696,2259,升达林业,4.17,5.57%,21.27%,9935900.0
697,1218,丽臣实业,20.66,5.57%,17.65%,14944500.0
698,603567,珍宝岛,11.77,5.56%,11.95%,76506100.0
699,2114,罗平锌电,7.59,5.56%,54.52%,18601100.0
702,300675,建科院,16.02,5.53%,41.87%,46985400.0
703,2538,司尔特,5.34,5.53%,16.98%,33659500.0
704,601198,东兴证券,12.04,5.52%,13.43%,534000000.0
705,600396,华电辽能,3.26,5.50%,13.28%,43662700.00000001
709,600908,无锡银行,6.16,5.48%,8.31%,136000000.0
711,1289,龙源电力,17.77,5.46%,1.44%,51984900.0
715,600916,中国黄金,8.7,5.45%,29.25%,47892600.0
716,2132,恒星科技,4.06,5.45%,37.59%,33236700.0
717,301100,风光股份,20.95,5.44%,29.30%,7267200.0
718,601677,明泰铝业,14.35,5.44%,34.26%,71004500.0
720,600256,广汇能源,5.25,5.42%,17.13%,482000000.0
721,2946,新乳业,17.88,5.42%,9.98%,101000000.0
722,2532,天山铝业,11.86,5.42%,14.04%,405999999.99999994
723,600744,华银电力,6.62,5.41%,50.75%,138000000.0
724,735,罗牛山,6.62,5.41%,27.17%,97096900.0
725,968,蓝焰控股,7.22,5.40%,14.02%,70469000.0
728,1217,华尔泰,12.19,5.36%,19.73%,42607100.0
729,301152,天力锂能,28.16,5.35%,107.12%,76420400.0
730,600098,广州发展,6.9,5.34%,8.18%,121000000.0
731,2545,东方铁塔,14.0,5.34%,20.98%,45539100.0
733,300146,汤臣倍健,12.26,5.33%,21.78%,60597000.0
734,603393,新天然气,29.57,5.31%,16.26%,1223700.0
737,762,西藏矿业,23.78,5.31%,61.61%,212000000.0
739,600019,宝钢股份,7.15,5.30%,5.51%,1368000000.0
741,2481,双塔食品,5.77,5.29%,17.56%,13034100.0
742,301049,超越科技,22.32,5.28%,46.99%,8737200.0
744,601226,华电科工,7.19,5.27%,20.53%,33275100.000000004
745,600558,大西洋,5.39,5.27%,32.29%,34900300.0
747,603885,吉祥航空,14.1,5.22%,8.58%,210000000.0
748,600961,株冶集团,15.73,5.22%,50.53%,198000000.0
749,19,深粮控股,6.85,5.22%,21.11%,54621800.0
750,603323,苏农银行,5.25,5.21%,12.04%,175000000.0
751,600863,内蒙华电,4.24,5.21%,9.38%,378000000.0
753,600508,上海能源,12.74,5.20%,10.13%,58460300.0
754,600505,西昌电力,13.55,5.20%,28.91%,44609900.0
755,708,中信特钢,13.59,5.19%,4.45%,312000000.0
756,600901,江苏金租,5.89,5.18%,7.36%,305000000.0
757,505,京粮控股,6.73,5.16%,18.68%,41297400.0
758,603012,创力集团,6.12,5.15%,21.52%,27572500.0
760,2440,闰土股份,7.16,5.14%,13.61%,33487800.000000004
764,848,承德露露,8.86,5.10%,16.06%,51884200.0
765,600642,申能股份,8.07,5.08%,3.96%,266000000.0
766,600557,康缘药业,15.77,5.06%,20.91%,22968800.0
770,300708,聚灿光电,9.39,5.03%,69.03%,263000000.0
771,600391,航发科技,27.19,5.02%,47.80%,73592900.0
775,688597,煜邦电力,8.42,4.99%,19.93%,33165900.0
777,2875,安奈儿,18.22,4.95%,67.90%,202999999.99999997
779,2672,东江环保,4.68,4.93%,10.80%,16593500.0
780,300103,达刚控股,7.25,4.92%,24.11%,8747600.0
781,600917,重庆燃气,5.98,4.91%,5.83%,30145600.0
782,300357,我武生物,29.89,4.91%,21.68%,37543200.0
783,3035,南网能源,4.92,4.90%,6.71%,77860000.0
784,601666,平煤股份,8.35,4.90%,21.87%,283000000.0
786,601881,中国银河,17.87,4.87%,9.29%,638000000.0
787,600023,浙能电力,5.18,4.86%,6.88%,354000000.0
788,2238,天威视讯,8.85,4.86%,16.44%,77754100.0
790,600716,凤凰股份,3.89,4.85%,13.46%,2381900.0
792,2136,安纳达,11.06,4.83%,28.01%,52833300.0
797,600108,亚盛集团,3.06,4.79%,22.03%,5946700.0
798,552,甘肃能化,2.63,4.78%,16.91%,101000000.0
804,600008,首创环保,3.31,4.75%,14.55%,130000000.0
807,633,合金投资,6.64,4.73%,30.96%,47023200.0
808,600339,中油工程,3.55,4.72%,12.99%,36004800.0
810,2188,中天服务,5.77,4.72%,38.62%,2633600.0
811,300448,浩云科技,7.33,4.71%,75.01%,82525800.0
812,603351,威尔药业,28.08,4.70%,7.11%,9552900.0
813,3030,祖名股份,18.97,4.69%,27.68%,24189200.0
814,601179,中国西电,6.92,4.69%,26.00%,320000000.0
815,159,国际实业,5.81,4.68%,31.25%,7478000.0
816,597,东北制药,5.6,4.67%,9.40%,36626600.0
817,726,鲁泰A,6.96,4.66%,21.95%,12019000.0
820,600935,华塑股份,2.49,4.62%,6.24%,24115000.0
821,600011,华能国际,7.48,4.62%,6.84%,268000000.00000003
822,600262,北方股份,22.46,4.61%,28.82%,75537400.0
825,600320,振华重工,4.55,4.60%,18.57%,82515100.0
826,603689,皖天然气,8.88,4.59%,10.70%,23302100.0
827,2286,保龄宝,10.03,4.59%,22.94%,13394000.0
828,600726,华电能源,2.52,4.56%,11.16%,77189600.0
829,600168,武汉控股,5.05,4.55%,9.00%,18700600.0
832,600308,华泰股份,3.69,4.53%,11.50%,36862300.0
836,600252,中恒集团,2.78,4.51%,15.42%,31965400.0
839,600982,宁波能源,4.64,4.50%,14.23%,15365500.0
842,600956,新天绿能,7.91,4.49%,4.62%,19123300.0
845,1258,立新能源,7.28,4.45%,25.41%,16475800.0
846,600206,有研新材,22.3,4.45%,89.90%,151000000.0
848,600149,廊坊发展,5.41,4.44%,21.09%,14067700.0
849,300819,聚杰微纤,25.15,4.44%,38.65%,34154200.0
850,601018,宁波港,3.78,4.42%,5.50%,393000000.0
851,600195,中牧股份,7.33,4.42%,7.73%,53715400.0
852,601083,锦江航运,12.08,4.41%,63.92%,29213200.0
856,600780,通宝能源,5.94,4.39%,10.20%,70938200.0
859,600027,华电国际,5.25,4.37%,8.35%,461000000.00000006
861,300938,信测标准,25.87,4.36%,45.38%,19168400.0
862,603079,圣达生物,17.73,4.36%,20.42%,31060700.0
863,600674,川投能源,14.84,4.36%,5.42%,328000000.0
864,688681,科汇股份,17.31,4.34%,23.02%,3439600.0
865,603619,中曼石油,19.7,4.34%,33.09%,29117700.0
866,601528,瑞丰银行,5.53,4.34%,9.03%,60605000.0
867,688172,燕东微,25.04,4.33%,69.21%,337000000.0
868,601766,中国中车,7.71,4.33%,5.57%,627000000.0
872,600269,赣粤高速,5.1,4.29%,9.39%,98229200.0
874,778,新兴铸管,3.89,4.29%,15.47%,9877900.0
875,300393,中来股份,6.34,4.28%,33.10%,53742700.00000001
876,2271,东方雨虹,12.92,4.28%,23.62%,294000000.0
878,600903,贵州燃气,7.11,4.25%,12.68%,75977600.0
879,2890,弘宇股份,14.47,4.25%,11.66%,8067100.0
880,601118,海南橡胶,5.41,4.24%,8.92%,31526000.0
883,816,智慧农业,3.2,4.23%,26.78%,16104000.0
884,2628,成都路桥,4.94,4.22%,28.28%,2910299.9999999995
886,600883,博闻科技,8.16,4.21%,12.83%,5738000.0
888,338,潍柴动力,14.4,4.20%,16.64%,400000000.0
889,600029,南方航空,6.21,4.19%,6.12%,254999999.99999997
890,300181,佐力药业,18.65,4.19%,24.59%,61674100.0
898,1360,南矿集团,16.38,4.13%,82.38%,37421900.0
899,2899,英派斯,22.95,4.13%,49.02%,4490000.0
900,603556,海兴电力,28.22,4.13%,15.91%,84105700.0
901,825,太钢不锈,4.03,4.13%,8.91%,98902700.0
903,601919,中远海控,14.96,4.11%,7.18%,480000000.0
904,601636,旗滨集团,7.09,4.11%,16.36%,200000000.0
905,603318,水发燃气,6.86,4.10%,19.89%,36027900.0
906,2142,宁波银行,27.45,4.10%,6.56%,320000000.0
910,723,美锦能源,4.86,4.07%,19.50%,91281000.0
911,2116,中国海诚,10.26,4.06%,13.22%,20831300.0
913,2361,神剑股份,6.47,4.02%,28.32%,14971600.0
915,2966,苏州银行,8.55,4.01%,12.13%,529000000.0
916,603331,百达精工,10.98,3.98%,32.85%,13910500.0
919,2494,华斯股份,4.96,3.98%,26.40%,7540100.0
920,2386,天原股份,5.23,3.98%,18.55%,46822299.99999999
921,544,中原环保,8.64,3.97%,6.47%,14428500.0
922,603182,嘉华股份,14.18,3.96%,13.70%,36896500.0
924,600423,柳化股份,3.68,3.95%,16.23%,28897399.999999996
925,600875,东方电气,19.74,3.95%,35.91%,172000000.0
929,729,燕京啤酒,12.68,3.93%,9.75%,224000000.00000003
931,603027,千禾味业,11.66,3.92%,9.00%,7354900.0
932,2932,明德生物,19.6,3.92%,13.11%,28809200.0
935,1338,永顺泰,11.63,3.84%,34.16%,2475600.0
939,691,*ST亚太,11.13,3.82%,58.48%,115999999.99999999
940,603995,甬金股份,17.92,3.82%,17.18%,134000000.00000001
941,688697,纽威数控,15.79,3.81%,16.10%,25477300.0
944,301115,联检科技,16.42,3.79%,16.96%,27003700.0
945,600075,新疆天业,4.66,3.79%,13.20%,12674000.0
946,2391,长青股份,6.02,3.79%,15.56%,29967100.0
948,600323,瀚蓝环境,28.39,3.76%,6.44%,79056900.0
950,300136,信维通信,27.68,3.75%,90.82%,450000000.0
953,600526,菲达环保,5.29,3.73%,19.40%,715400.0000000001
954,2198,嘉应制药,6.4,3.73%,13.76%,30896700.0
955,601518,吉林高速,2.79,3.72%,9.35%,24203300.0
956,2839,张家港行,4.46,3.72%,13.43%,220000000.00000003
957,2521,齐峰新材,9.19,3.72%,17.14%,16337200.0
958,600285,羚锐制药,22.92,3.71%,11.44%,106000000.0
959,2003,伟星股份,10.38,3.70%,8.14%,119000000.0
960,301111,粤万年青,16.29,3.69%,16.38%,8797200.0
961,601678,滨化股份,4.21,3.69%,16.36%,47105100.0
962,605001,威奥股份,7.59,3.69%,18.09%,27897000.0
963,600987,航民股份,7.35,3.67%,10.14%,70844900.0
967,2728,特一药业,8.87,3.62%,22.34%,10565800.0
971,601975,招商南油,3.16,3.61%,28.54%,165000000.0
972,736,*ST中地,4.88,3.61%,9.88%,2648300.0
974,2860,星帅尔,13.85,3.59%,42.96%,64776800.0
977,601096,宏盛华源,4.35,3.57%,17.47%,65466300.0
978,603639,海利尔,14.5,3.57%,7.79%,10943100.0
980,2867,周大生,13.92,3.57%,8.74%,54599500.0
981,950,重药控股,5.24,3.56%,9.75%,49193800.0
982,600768,宁波富邦,12.33,3.53%,26.14%,21575500.0
984,600351,亚宝药业,6.75,3.53%,20.67%,22408200.0
985,783,长江证券,8.21,3.53%,19.50%,271000000.0
986,600020,中原高速,4.41,3.52%,6.38%,41971500.0
988,605180,华生科技,15.32,3.51%,14.03%,12531000.0
991,301062,上海艾录,8.61,3.49%,29.09%,9060100.0
992,2950,奥美医疗,9.79,3.49%,13.68%,16950200.0
993,498,山东路桥,6.22,3.49%,10.88%,93650700.0
995,600732,爱旭股份,16.66,3.48%,34.40%,173000000.0
997,300254,仟源医药,10.77,3.46%,30.34%,20165600.0
1003,603385,惠达卫浴,6.68,3.41%,10.20%,15560400.0
1004,600834,申通地铁,8.79,3.41%,13.26%,11864400.0
1010,601107,四川成渝,5.82,3.37%,6.74%,105000000.0
1011,600971,恒源煤电,7.05,3.37%,12.38%,90360200.0
1013,993,闽东电力,10.13,3.37%,16.95%,2663300.0
1015,3013,地铁设计,15.74,3.35%,7.02%,6923200.000000001
1017,1299,美能能源,12.37,3.34%,42.60%,18549200.0
1018,3042,中农联合,16.41,3.34%,28.40%,1781300.0
1021,605339,南侨食品,17.7,3.33%,5.17%,1634199.9999999998
1022,601003,柳钢股份,5.28,3.33%,10.54%,35337300.0
1023,301098,金埔园林,9.03,3.32%,29.11%,18692700.0
1024,601857,中国石油,8.41,3.32%,1.01%,1179000000.0
1028,625,长安汽车,12.48,3.31%,24.27%,1457000000.0
1029,582,北部湾港,8.74,3.31%,12.54%,174000000.0
1032,601728,中国电信,6.91,3.29%,1.70%,749000000.0
1034,600512,腾达建设,2.51,3.29%,18.65%,19353400.0
1035,600461,洪城环境,9.1,3.29%,8.94%,82790000.0
1036,166,申万宏源,5.34,3.29%,5.63%,505000000.0
1041,600429,三元股份,4.75,3.26%,7.45%,16679900.0
1042,600033,福建高速,3.48,3.26%,8.92%,117000000.0
1043,2856,美芝股份,10.44,3.26%,30.86%,6865300.0
1046,603856,东宏股份,12.06,3.25%,13.96%,13428300.0
1048,601398,工商银行,7.62,3.25%,1.46%,2765000000.0
1050,631,顺发恒能,3.18,3.25%,7.39%,16596099.999999998
1051,2817,黄山胶囊,7.67,3.23%,16.96%,4933900.0
1052,603126,中材节能,6.76,3.21%,15.14%,14742200.0
1053,900,现代投资,4.18,3.21%,8.24%,35094900.0
1055,601860,紫金银行,2.9,3.20%,12.50%,168000000.0
1058,2438,江苏神通,13.6,3.19%,36.44%,29564899.999999996
1059,761,本钢板材,3.56,3.19%,3.98%,36747500.0
1060,2958,青农商行,3.24,3.18%,9.45%,187000000.0
1061,39,中集集团,8.11,3.18%,21.27%,217000000.0
1063,603110,东方材料,17.23,3.17%,102.71%,164000000.0
1069,600359,新农开发,6.88,3.15%,20.54%,8651400.0
1074,600307,酒钢宏兴,1.66,3.11%,10.71%,28162800.000000004
1077,401,金隅冀东,4.99,3.10%,5.36%,29285400.0
1078,301118,恒光股份,25.42,3.08%,46.71%,11148800.000000002
1080,300158,振东制药,7.06,3.07%,55.84%,12520400.0
1081,2511,中顺洁柔,8.4,3.07%,8.95%,14725600.0
1082,768,中航西飞,25.52,3.07%,12.97%,330000000.0
1084,601330,绿色动力,7.08,3.06%,6.27%,29465200.0
1087,600847,万里股份,11.15,3.05%,20.51%,9231200.0
1088,600128,苏豪弘业,10.47,3.05%,21.53%,3438600.0
1089,728,国元证券,9.13,3.05%,16.84%,42893900.0
1092,603998,方盛制药,12.19,3.04%,46.33%,47937500.0
1093,2656,*ST摩登,2.37,3.04%,10.13%,780600.0
1094,937,冀中能源,6.1,3.04%,5.61%,108000000.0
1095,600477,杭萧钢构,2.73,3.02%,16.72%,26876400.0
1097,300390,天华新能,23.88,3.02%,54.09%,749000000.0
1099,600900,长江电力,28.11,3.00%,4.06%,1920000000.0
1104,951,中国重汽,17.66,2.97%,11.94%,187000000.0
1106,600493,凤竹纺织,6.61,2.96%,21.05%,8996900.0
1108,600548,深高速,10.18,2.93%,2.76%,87247500.0
1109,881,中广核技,7.73,2.93%,23.26%,2791100.0
1111,601669,中国电建,5.68,2.90%,20.41%,265000000.0
1112,300062,中能电气,5.7,2.89%,69.48%,84400.0
1113,601555,东吴证券,9.61,2.89%,19.22%,430000000.0
1114,300664,鹏鹞环保,5.34,2.89%,11.14%,831200.0
1116,300006,莱美药业,4.65,2.88%,27.20%,23226400.0
1120,600507,方大特钢,5.39,2.86%,9.75%,98034700.0
1121,2144,宏达高科,12.96,2.86%,38.29%,7567200.0
1122,605336,帅丰电器,15.17,2.85%,12.39%,5206400.0
1124,2437,誉衡药业,3.25,2.85%,23.21%,23359800.0
1126,300224,正海磁材,16.7,2.83%,73.53%,363000000.0
1128,37,深南电A,8.73,2.83%,17.80%,42693300.0
1131,600305,恒顺醋业,8.06,2.81%,8.99%,24036700.0
1133,600178,东安动力,13.2,2.80%,25.20%,27562700.0
1134,300659,中孚信息,15.04,2.80%,47.67%,8542600.0
1136,601339,百隆东方,5.55,2.78%,7.22%,66878100.00000001
1137,600909,华安证券,6.31,2.77%,11.21%,121000000.0
1139,2100,天康生物,7.78,2.77%,33.32%,38180500.0
1140,601997,贵阳银行,5.95,2.76%,9.48%,167000000.0
1143,928,中钢国际,6.34,2.76%,14.73%,13204700.0
1145,2788,鹭燕医药,8.22,2.75%,9.94%,4849500.0
1146,2556,辉隆股份,5.6,2.75%,12.22%,44931000.0
1148,601005,重庆钢铁,1.5,2.74%,22.21%,132000000.0
1151,600177,雅戈尔,7.59,2.71%,5.49%,404000000.0
1152,895,双汇发展,25.36,2.71%,2.85%,256999999.99999997
1153,688548,广钢气体,12.19,2.70%,30.81%,25298300.0
1154,601186,中国铁建,7.99,2.70%,4.78%,204999999.99999997
1156,300762,上海瀚讯,24.74,2.70%,36.91%,28591700.0
1158,300076,GQY视讯,6.53,2.67%,37.45%,43048800.0
1159,862,银星能源,5.76,2.67%,23.28%,22197199.999999996
1161,564,供销大集,2.7,2.66%,34.84%,218000000.00000003
1163,883,湖北能源,4.65,2.65%,3.84%,128000000.0
1165,600796,钱江生化,5.85,2.63%,35.32%,7817600.0
1166,600759,洲际油气,2.34,2.63%,32.12%,67209500.0
1167,2573,清新环境,3.9,2.63%,6.07%,7346100.0
1168,411,英特集团,11.31,2.63%,12.58%,27006000.0
1169,301040,中环海陆,22.7,2.62%,50.61%,7942100.0
1170,601000,唐山港,3.92,2.62%,5.58%,258000000.0
1172,601033,永兴股份,16.13,2.61%,18.59%,13687100.0
1173,601163,三角轮胎,14.13,2.61%,4.90%,31635300.000000004
1174,600795,国电电力,5.12,2.61%,6.38%,159000000.0
1177,600017,日照港,3.17,2.59%,10.35%,44190600.00000001
1178,600273,嘉化能源,8.34,2.58%,10.40%,137000000.0
1180,157,中联重科,7.94,2.58%,16.75%,243000000.00000003
1185,2540,亚太科技,6.43,2.55%,18.14%,33272399.999999996
1186,2047,*ST宝鹰,2.41,2.55%,7.85%,4636600.0
1187,600802,福建水泥,5.65,2.54%,39.25%,15611000.0
1188,600664,哈药股份,3.64,2.54%,9.44%,19422600.0
1189,600621,华鑫股份,16.17,2.54%,21.86%,20886900.0
1190,2348,高乐股份,4.04,2.54%,29.29%,10210100.0
1191,3003,天元股份,12.15,2.53%,30.52%,4072400.0
1192,2038,双鹭药业,7.29,2.53%,15.85%,2838600.0
1193,2601,龙佰集团,19.52,2.52%,13.00%,285000000.0
1194,603566,普莱柯,13.88,2.51%,12.04%,16826600.0
1196,600037,歌华有线,8.18,2.51%,12.43%,28719000.0
1197,603718,海利生物,6.97,2.50%,8.87%,18448900.0
1199,600372,中航机载,12.28,2.50%,8.59%,223000000.0
1202,755,山西高速,4.96,2.48%,3.89%,18791000.0
1203,600683,京投发展,4.15,2.47%,17.61%,8785700.0
1205,663,永安林业,6.67,2.46%,19.36%,10507000.0
1206,1286,陕西能源,9.21,2.45%,11.94%,91759900.0
1207,301231,荣信文化,24.71,2.45%,46.13%,8809400.0
1208,605003,众望布艺,23.8,2.45%,17.28%,10588000.0
1209,600503,华丽家族,3.35,2.45%,39.49%,15399900.0
1211,601128,常熟银行,7.13,2.44%,13.76%,67698500.0
1213,2568,百润股份,26.49,2.44%,16.17%,36861800.0
1216,600300,维维股份,3.37,2.43%,14.72%,1401900.0
1218,603527,众源新材,11.45,2.42%,43.56%,8260700.000000001
1219,601333,广深铁路,3.38,2.42%,12.66%,115999999.99999999
1221,600123,兰花科创,6.76,2.42%,21.34%,177000000.0
1222,2360,同德化工,5.07,2.42%,19.96%,26438700.0
1224,600969,郴电国际,7.23,2.41%,11.88%,5736200.0
1226,300425,中建环能,5.1,2.41%,12.26%,7904800.0
1228,600066,宇通客车,28.98,2.40%,10.81%,303000000.0
1231,1278,一彬科技,18.39,2.39%,42.36%,19473200.0
1234,2461,珠江啤酒,10.29,2.39%,2.87%,38189100.0
1235,301167,建研设计,15.91,2.38%,43.49%,2189400.0
1238,601158,重庆水务,4.75,2.37%,2.66%,61941400.0
1242,301386,未来电器,24.36,2.35%,92.05%,7169200.0
1243,600968,海油发展,3.92,2.35%,4.22%,71665400.0
1244,601916,浙商银行,3.07,2.33%,8.92%,327000000.0
1246,600790,轻纺城,3.97,2.32%,8.30%,15453500.0
1250,600572,康恩贝,4.46,2.29%,9.29%,39014400.0
1251,686,东北证券,8.48,2.29%,11.49%,63248100.00000001
1252,603233,大参林,17.5,2.28%,5.50%,29058800.0
1253,600585,海螺水泥,23.74,2.28%,9.02%,713000000.0
1256,600035,楚天高速,4.05,2.27%,7.35%,33636000.0
1257,601139,深圳燃气,6.75,2.27%,6.86%,73723000.0
1258,603987,康德莱,9.05,2.26%,14.51%,4846700.0
1260,600704,物产中大,5.87,2.26%,17.49%,47466400.0
1262,2486,嘉麟杰,2.71,2.26%,24.72%,1847400.0
1263,554,泰山石油,6.78,2.26%,37.01%,27067399.999999996
1264,789,万年青,5.9,2.25%,9.87%,36000900.0
1265,603797,联泰环保,4.56,2.24%,10.34%,7301500.0
1266,601298,青岛港,8.66,2.24%,3.31%,117000000.0
1267,600853,龙建股份,4.11,2.24%,19.48%,34874700.0
1268,600117,西宁特钢,3.2,2.24%,11.66%,60984100.0
1271,600488,津药药业,4.16,2.21%,5.49%,3731400.0
1273,600502,安徽建工,4.65,2.20%,10.72%,57629799.99999999
1274,2926,华西证券,9.74,2.20%,17.26%,183000000.0
1276,601668,中国建筑,5.59,2.19%,6.08%,1093000000.0
1277,600573,惠泉啤酒,11.65,2.19%,9.63%,15210100.0
1279,1872,招商港口,20.54,2.19%,2.47%,34466000.0
1283,600866,星湖科技,7.52,2.17%,26.44%,32366900.0
1285,600717,天津港,4.73,2.16%,9.25%,67775900.0
1286,300520,科大国创,26.0,2.16%,83.24%,111000000.00000001
1289,600710,苏美达,10.02,2.14%,16.47%,19390500.0
1291,2375,亚厦股份,3.86,2.12%,8.22%,4286000.0
1292,2275,桂林三金,14.92,2.12%,5.67%,17999000.0
1294,601228,广州港,3.39,2.11%,3.40%,71270000.0
1295,2586,*ST围海,3.87,2.11%,16.52%,12945900.0
1296,600800,渤海化学,3.89,2.10%,19.26%,12465300.0
1299,603235,天新药业,27.36,2.09%,4.70%,7914200.0
1301,601868,中国能建,2.45,2.08%,12.66%,265000000.0
1302,600873,梅花生物,10.82,2.08%,7.79%,302000000.0
1303,600583,海油工程,5.39,2.08%,10.77%,229999999.99999997
1305,600313,农发种业,6.41,2.07%,21.13%,1026800.0000000001
1306,603028,赛福天,7.89,2.07%,29.34%,9609600.0
1307,2500,山西证券,6.41,2.07%,9.32%,41022700.00000001
1309,600449,宁夏建材,13.4,2.06%,11.38%,28286900.0
1310,2667,威领股份,11.37,2.06%,46.41%,22245000.0
1312,1231,农心科技,20.37,2.05%,30.62%,12634200.0
1313,601326,秦港股份,3.48,2.05%,5.72%,18345900.0
1314,2412,汉森制药,6.46,2.05%,13.79%,6106900.000000001
1323,601866,中远海发,2.57,1.98%,9.82%,97281299.99999999
1329,600854,春兰股份,5.18,1.97%,16.87%,8593600.0
1330,601236,红塔证券,8.85,1.96%,9.20%,188000000.0
1333,635,英力特,8.32,1.96%,11.09%,9213800.0
1336,603065,宿迁联盛,8.42,1.94%,17.34%,12004600.0
1337,798,中水渔业,7.92,1.93%,12.17%,6536799.999999999
1338,601369,陕鼓动力,8.46,1.93%,6.73%,94886400.0
1339,600989,宝丰能源,16.92,1.93%,6.11%,107000000.0
1340,600283,钱江水利,9.51,1.93%,7.43%,15650000.0
1341,300387,富邦科技,8.97,1.93%,19.13%,3364600.0
1345,2749,国光股份,14.85,1.92%,4.29%,28097700.0
1347,601988,中国银行,5.34,1.91%,1.36%,972000000.0000001
1349,600279,重庆港,5.34,1.91%,7.59%,11350100.0
1351,300026,红日药业,3.73,1.91%,13.67%,60801000.0
1352,601328,交通银行,6.98,1.90%,8.56%,423000000.00000006
1354,601200,上海环境,8.1,1.89%,6.80%,46462600.0
1356,301198,喜悦智行,11.38,1.88%,23.79%,13548900.000000002
1358,7,全新好,7.04,1.88%,21.58%,40013800.0
1360,600688,上海石化,2.72,1.87%,5.64%,40064500.0
1361,300239,东宝生物,5.46,1.87%,11.44%,1296900.0
1362,717,中南股份,2.73,1.87%,15.04%,10088600.0
1363,534,万泽股份,15.79,1.87%,18.04%,39408900.0
1364,89,深圳机场,7.1,1.87%,6.29%,59008200.0
1365,930,中粮科技,6.01,1.86%,7.96%,5407700.0
1367,546,金圆股份,4.95,1.85%,23.24%,1708300.0000000002
1368,603880,南卫股份,6.11,1.83%,19.21%,2077600.0
1369,601108,财通证券,8.33,1.83%,9.67%,290000000.0
1370,738,航发控制,19.44,1.83%,9.98%,25459200.0
1372,600803,新奥股份,18.42,1.82%,2.74%,94081900.0
1375,600406,国电南瑞,23.01,1.81%,9.81%,204999999.99999997
1377,600032,浙江新能,7.41,1.79%,3.06%,20093300.0
1379,600575,淮河能源,3.44,1.78%,6.88%,28778900.0
1382,600928,西安银行,4.02,1.77%,7.66%,7557500.0
1385,600719,大连热电,6.35,1.76%,19.78%,7615400.0
1386,2753,永东股份,6.93,1.76%,15.79%,4329400.0
1387,603188,亚邦股份,4.08,1.75%,21.66%,12396300.000000002
1388,601066,中信建投,26.15,1.75%,2.94%,165000000.0
1390,600479,千金药业,10.51,1.74%,11.85%,16577900.0
1391,600197,伊力特,15.22,1.74%,10.75%,7136400.0
1394,300749,顶固集创,8.82,1.73%,24.60%,12252400.0
1411,788,北大医药,6.13,1.66%,14.56%,25247800.000000004
1413,600729,重庆百货,27.08,1.65%,19.30%,39232500.0
1414,2634,棒杰股份,4.97,1.64%,36.10%,22947300.0
1417,300958,建工修复,13.12,1.63%,40.66%,13300200.0
1418,300214,日科化学,7.5,1.63%,27.29%,67764900.0
1420,600539,狮头股份,10.64,1.62%,23.45%,1608400.0
1422,2398,垒知集团,5.03,1.62%,18.12%,7841799.999999999
1423,966,长源电力,4.4,1.62%,6.56%,22370400.0
1424,605365,立达信,15.17,1.61%,9.17%,43573000.0
1426,952,广济药业,6.33,1.61%,12.57%,1074100.0
1428,533,顺钠股份,6.94,1.61%,56.34%,53904600.0
1429,3027,同兴科技,19.11,1.59%,25.44%,20746000.0
1432,300962,中金辐照,16.76,1.58%,9.02%,3567900.0
1433,600031,三一重工,22.5,1.58%,10.10%,299000000.0
1436,603105,芯能科技,9.03,1.57%,29.31%,31393700.0
1437,2687,乔治白,4.54,1.57%,17.67%,21589899.999999996
1440,300042,朗科科技,28.73,1.56%,124.37%,313000000.0
1441,688671,碧兴物联,21.56,1.55%,21.82%,1003900.0
1442,603599,广信股份,11.78,1.55%,9.97%,14347900.0
1443,600398,海澜之家,6.56,1.55%,7.77%,63725000.0
1445,600812,华北制药,5.92,1.54%,9.07%,12412200.0
1451,600662,外服控股,5.36,1.52%,4.70%,2265000.0
1453,603727,博迈科,13.44,1.51%,8.66%,18539300.0
1456,605162,新中港,8.79,1.50%,10.35%,5146200.0
1457,600422,昆药集团,14.24,1.50%,11.87%,74135000.0
1459,600533,栖霞建设,2.73,1.49%,23.38%,11749300.0
1462,603073,彩蝶实业,17.19,1.48%,27.87%,9577400.0
1464,600755,厦门国贸,6.21,1.47%,13.57%,157000000.0
1466,652,泰达股份,4.15,1.47%,9.20%,11383000.0
1467,1219,青岛食品,13.87,1.46%,12.26%,9951400.0
1470,603303,得邦照明,13.38,1.44%,3.73%,18358400.0
1471,2795,永和智控,4.94,1.44%,44.04%,7003700.0
1473,603970,中农立华,13.48,1.43%,7.43%,4305300.0
1474,603299,苏盐井神,10.66,1.43%,7.08%,22124699.999999996
1476,2081,金螳螂,3.54,1.43%,10.70%,14203699.999999998
1478,600905,三峡能源,4.3,1.42%,5.97%,899000000.0
1480,600352,浙江龙盛,10.0,1.42%,6.66%,19537100.0
1481,600051,宁波联合,7.14,1.42%,14.71%,1021300.0
1482,600887,伊利股份,27.35,1.41%,8.47%,558000000.0
1485,688429,时创能源,15.29,1.39%,20.35%,472299.99999999994
1496,603329,上海雅仕,11.2,1.36%,13.36%,3256700.0
1501,601607,上海医药,18.15,1.34%,6.83%,46631700.0
1502,600483,福能股份,9.8,1.34%,13.23%,225000000.0
1504,688517,金冠电气,15.26,1.33%,22.13%,31865300.000000004
1505,600030,中信证券,29.09,1.32%,21.36%,264000000.0
1506,548,湖南投资,5.36,1.32%,10.13%,6785400.0
1507,603282,亚光股份,17.83,1.31%,21.68%,9678700.0
1508,601900,南方传媒,13.19,1.31%,11.48%,11699200.0
1509,600248,陕建股份,3.87,1.31%,5.68%,331300.0
1512,600482,中国动力,21.83,1.30%,9.35%,296000000.0
1513,300513,恒实科技,9.36,1.30%,42.58%,7479700.0
1514,601568,北元集团,3.94,1.29%,4.00%,9682100.0
1515,600616,金枫酒业,5.51,1.29%,14.05%,3752700.0
1517,603315,福鞍股份,13.4,1.28%,15.67%,31142500.0
1522,601377,兴业证券,6.45,1.26%,11.84%,459000000.0
1524,603682,锦和商管,5.67,1.25%,15.04%,2928000.0
1527,600157,永泰能源,1.63,1.24%,48.79%,384000000.0
1529,2999,天禾股份,6.59,1.23%,17.74%,7147600.0
1530,620,盈新发展,1.64,1.23%,19.20%,90142200.0
1534,2233,塔牌集团,9.08,1.23%,10.29%,51876500.0
1538,300187,永清环保,5.03,1.21%,10.42%,96199.99999999999
1546,600328,中盐化工,7.75,1.17%,10.94%,10278699.999999998
1547,600048,保利发展,7.75,1.17%,16.82%,422000000.0
1551,906,浙商中拓,6.13,1.16%,11.94%,5826400.0
1552,601928,凤凰传媒,10.58,1.15%,5.23%,122000000.0
1555,2469,三维化学,8.76,1.15%,17.99%,48920100.0
1557,603709,中源家居,14.48,1.12%,21.77%,3771700.0
1558,600894,广日股份,9.94,1.12%,5.38%,11649100.0
1559,600028,中国石化,5.41,1.12%,1.49%,603000000.0
1561,2404,嘉欣丝绸,6.3,1.12%,19.66%,3134000.0
1562,507,珠海港,5.44,1.12%,11.79%,20061200.0
1567,605066,天正电气,7.35,1.10%,24.15%,2745100.0
1571,600278,东方创业,7.42,1.09%,8.79%,9470900.0
1572,600018,上港集团,5.57,1.09%,1.72%,254999999.99999997
1574,2109,兴化股份,3.75,1.08%,11.15%,1475400.0
1578,603396,金辰股份,27.56,1.06%,31.31%,11106900.0
1582,688355,明志科技,19.3,1.05%,15.19%,7562600.0
1590,603968,醋化股份,11.83,1.02%,11.74%,1386100.0000000002
1591,601368,绿城水务,4.94,1.02%,5.49%,3837000.0
1592,600131,国网信通,17.8,1.02%,10.15%,53796000.0
1593,300235,方直科技,12.92,1.02%,56.48%,25880500.0
1595,2216,三全食品,10.9,1.02%,7.32%,6308200.000000001
1597,603029,天鹅股份,18.03,1.01%,17.09%,24561700.0
1598,600582,天地科技,6.0,1.01%,9.11%,48650100.0
1600,402,金融街,3.01,1.01%,16.10%,6148000.0
1603,2936,郑州银行,2.02,1.00%,16.25%,199000000.0
1604,2746,仙坛股份,6.12,0.99%,16.89%,8216799.999999999
1608,300515,三德科技,20.64,0.98%,22.84%,3264300.0
1610,2732,燕塘乳业,16.68,0.97%,8.33%,1826100.0000000002
1611,2349,精华制药,7.26,0.97%,10.76%,9567700.0
1614,603958,哈森股份,15.79,0.96%,18.17%,29103800.0
1616,2830,名雕股份,16.85,0.96%,27.38%,315100.0
1619,600846,同济科技,13.88,0.95%,21.30%,48311100.0
1629,510,新金路,5.51,0.92%,62.05%,6007500.0
1637,600918,中泰证券,6.86,0.88%,9.46%,8016600.0
1638,603693,江苏新能,12.8,0.87%,5.91%,17446300.0
1639,600587,新华医疗,16.2,0.87%,18.48%,14869600.0
1641,301372,科净源,25.77,0.86%,35.86%,6564000.0
1642,600655,豫园股份,5.85,0.86%,3.96%,21243900.0
1646,601065,江盐集团,8.37,0.84%,9.88%,13449700.0
1648,1227,兰州银行,2.4,0.84%,11.11%,76883000.0
1650,600597,光明乳业,8.51,0.83%,8.29%,56853400.0
1656,601800,中国交建,8.74,0.81%,3.10%,27045200.0
1660,2883,中设股份,11.38,0.80%,23.49%,10235400.0
1663,603877,太平鸟,14.15,0.78%,3.38%,1423700.0
1668,2034,旺能环境,17.0,0.77%,9.51%,6198800.0
1669,301065,本立科技,22.68,0.76%,15.26%,5792600.0
1671,600851,海欣股份,6.61,0.76%,6.84%,9572300.0
1675,603272,联翔股份,18.78,0.75%,15.81%,5839600.0
1676,600829,人民同泰,8.01,0.75%,6.73%,4295800.0
1677,600383,金地集团,4.1,0.74%,27.23%,285000000.0
1685,2162,悦心健康,4.19,0.72%,12.27%,2356400.0
1695,600373,中文传媒,10.2,0.69%,11.19%,1937800.0
1696,2319,乐通股份,11.74,0.69%,26.54%,19343700.0
1702,600153,建发股份,10.38,0.68%,8.14%,24726900.0
1708,603041,美思德,12.32,0.65%,11.60%,8364600.0
1710,690,宝新能源,4.68,0.65%,21.88%,773700.0
1715,2661,克明食品,9.38,0.64%,8.38%,2516100.0
1723,600419,天润乳业,10.24,0.59%,16.65%,6749800.0
1725,600739,辽宁成大,12.04,0.58%,13.71%,65086300.0
1727,25,特力A,17.6,0.57%,22.55%,82400.0
1729,301296,新巨丰,8.93,0.56%,14.48%,10700100.0
1732,695,滨海能源,10.86,0.56%,27.38%,5442400.0
1733,600708,光明地产,3.65,0.55%,15.68%,38370700.0
1734,868,安凯客车,5.45,0.55%,26.55%,16864500.0
1735,1378,德冠新材,22.41,0.54%,13.81%,225799.99999999997
1743,601808,中海油服,13.63,0.52%,3.25%,66571100.0
1744,300160,秀强股份,5.75,0.52%,11.94%,450700.0
1745,301158,德石股份,17.82,0.51%,17.56%,14432100.0
1747,600332,白云山,25.5,0.51%,7.02%,1372300.0
1749,2805,丰元股份,13.86,0.51%,46.07%,9429500.0
1750,632,三木集团,3.91,0.51%,25.47%,21268400.0
1751,605567,春雪食品,9.98,0.50%,20.76%,1854100.0
1755,2078,太阳纸业,14.23,0.49%,7.21%,177000000.0
1756,600871,石化油服,2.06,0.49%,7.78%,144000000.0
1758,603357,设计总院,8.35,0.48%,6.54%,4206700.0
1759,2802,洪汇新材,12.64,0.48%,11.57%,11519200.0
1760,2170,芭田股份,10.48,0.48%,52.96%,27949800.0
1763,605122,四方新材,13.24,0.46%,11.77%,8253900.0
1765,601872,招商轮船,8.69,0.46%,12.55%,81140800.0
1767,88,盐田港,4.47,0.45%,8.14%,21258800.0
1769,601878,浙商证券,11.36,0.44%,11.36%,64315800.0
1773,603787,新日股份,12.09,0.42%,12.64%,10751000.0
1775,2907,华森制药,16.7,0.42%,12.13%,8892500.0
1776,2405,四维图新,9.56,0.42%,39.33%,54989000.0
1780,603096,新经典,17.78,0.40%,8.84%,6161000.0
1784,605266,健之佳,20.58,0.39%,10.27%,72900.0
1785,600061,国投资本,7.64,0.39%,12.75%,26498700.0
1786,688009,中国通号,5.29,0.38%,4.47%,66921100.0
1789,797,中国武夷,2.74,0.37%,18.27%,14850400.0
1796,600981,苏豪汇鸿,2.82,0.36%,9.73%,1133500.0
1797,600648,外高桥,11.16,0.36%,4.29%,16193900.000000002
1798,2782,可立克,16.89,0.36%,40.96%,4016600.0000000005
1799,688575,亚辉龙,14.34,0.35%,5.11%,8497800.0
1801,767,晋控电力,2.9,0.35%,13.88%,76371200.0
1814,3039,顺控发展,13.39,0.30%,4.57%,1284000.0
1818,601456,国联民生,10.9,0.28%,16.51%,17260100.0
1822,300707,威唐工业,14.76,0.27%,58.05%,6772300.0
1827,300519,新光药业,15.53,0.26%,20.96%,4615500.0
1831,603515,欧普照明,17.29,0.23%,1.36%,1971900.0
1836,603939,益丰药房,24.7,0.20%,5.62%,25460600.0
1837,300422,博世科,4.91,0.20%,19.88%,4457900.0
1840,600538,国发股份,5.63,0.18%,19.45%,5018400.0
1841,2697,红旗连锁,5.58,0.18%,21.88%,16330100.0
1842,600026,中远海能,12.12,0.17%,15.57%,41212800.0
1846,1366,播恩集团,12.25,0.16%,38.86%,2775100.0
1847,301429,森泰股份,18.89,0.16%,24.36%,8027800.0
1848,605177,东亚药业,19.04,0.16%,12.18%,4610200.0
1849,605399,晨光新材,12.43,0.16%,8.68%,2363800.0
1857,600955,维远股份,14.15,0.14%,3.52%,10791500.0
1860,910,大亚圣象,7.97,0.13%,13.05%,3876100.0
1861,688101,三达膜,16.24,0.12%,8.31%,7858700.0
1865,603628,清源股份,12.98,0.08%,26.39%,10692300.0
1866,2912,中新赛克,28.29,0.07%,24.12%,7414299.999999999
1868,600346,恒力石化,16.41,0.06%,3.59%,145000000.0
1871,688087,英科再生,26.84,0.04%,9.26%,27906500.0
1872,300886,华业香料,28.22,0.04%,42.76%,9501600.0
1879,300837,浙矿股份,24.52,0.00%,14.63%,3942100.0
1882,601567,三星医疗,24.0,0.00%,16.85%,138000000.0
1885,600649,城投控股,4.64,0.00%,11.76%,9694900.0
1892,600293,三峡新材,3.05,0.00%,20.61%,8147100.0
1896,300385,雪浪环境,5.07,0.00%,24.89%,4866800.0
1897,2470,金正大,1.73,0.00%,21.23%,37019900.0
1901,800,一汽解放,6.97,0.00%,2.91%,5410200.0
1905,529,广弘控股,5.99,0.00%,8.92%,2846400.0
1908,1,平安银行,11.4,0.00%,5.92%,767000000.0
1914,301037,保立佳,14.21,-0.07%,36.59%,740900.0
1916,688067,爱威科技,25.2,-0.08%,15.73%,6442000.0
1922,601166,兴业银行,20.19,-0.10%,5.79%,57652200.0
1924,301026,浩通科技,28.43,-0.11%,48.79%,54365200.00000001
1925,301223,中荣股份,17.48,-0.11%,11.03%,12062300.0
1935,600155,华创云信,7.31,-0.14%,13.73%,70747700.0
1939,301163,宏德股份,27.5,-0.15%,30.97%,5153600.0
1940,2381,双箭股份,6.59,-0.15%,13.54%,11752000.0
1957,1260,坤泰股份,19.6,-0.20%,43.51%,11925800.0
1966,603488,展鹏科技,7.84,-0.25%,13.05%,4368300.0
1967,688450,光格科技,27.29,-0.26%,18.02%,552200.0
1969,603321,梅轮电梯,7.78,-0.26%,12.52%,16969100.0
1972,2523,天桥起重,3.86,-0.26%,30.63%,8894800.0
1981,2498,汉缆股份,3.54,-0.28%,11.67%,11582400.0
1983,603137,恒尚节能,13.98,-0.29%,20.61%,18045200.0
1986,600109,国金证券,10.05,-0.30%,20.02%,38020200.0
1990,600222,太龙药业,6.45,-0.31%,30.95%,7182200.0
1991,300151,昌红科技,12.95,-0.31%,50.46%,26144899.999999996
1999,688277,天智航,17.53,-0.34%,18.11%,5422000.0
2004,605158,华达新材,8.41,-0.36%,7.08%,5758000.0
2014,300541,先进数通,15.93,-0.38%,105.83%,79113200.0
2033,688339,亿华通,26.89,-0.41%,57.55%,18462100.0
2036,600369,西南证券,4.65,-0.43%,6.30%,34937200.0
2037,688389,普门科技,13.74,-0.43%,13.17%,11520300.0
2041,300685,艾德生物,22.67,-0.44%,16.74%,45013800.0
2047,600663,陆家嘴,8.56,-0.47%,3.48%,27574600.0
2053,601990,南京证券,8.31,-0.48%,7.65%,18787200.0
2054,600983,惠而浦,10.31,-0.48%,4.10%,812500.0
2068,790,华神科技,3.8,-0.52%,19.28%,5291600.0
2077,600750,江中药业,21.69,-0.55%,7.63%,154000000.0
2084,600455,博通股份,25.96,-0.57%,21.23%,12494100.0
2088,2316,亚联发展,5.18,-0.58%,43.69%,5534400.000000001
2099,688479,友车科技,19.02,-0.63%,16.29%,9210300.0
2112,300118,东方日升,10.33,-0.67%,53.10%,54902500.0
2116,600007,中国国贸,20.42,-0.68%,2.59%,11817600.0
2123,688565,力源科技,9.86,-0.70%,16.78%,11299.999999999998
2128,2939,长城证券,11.05,-0.72%,19.36%,64351100.0
2131,600550,保变电气,8.16,-0.73%,24.44%,19488900.0
2133,301113,雅艺科技,21.56,-0.74%,25.69%,2151800.0
2140,2566,益盛药业,7.92,-0.75%,16.66%,8604900.0
2142,600137,浪莎股份,18.28,-0.76%,15.46%,15863599.999999998
2143,600099,林海股份,10.39,-0.76%,15.54%,3676300.0
2145,600721,百花医药,8.96,-0.78%,37.64%,5765800.0
2155,300498,温氏股份,18.58,-0.80%,8.36%,268000000.00000003
2160,600925,苏能股份,4.86,-0.82%,8.92%,50832400.0
2162,603518,锦泓集团,9.64,-0.82%,39.74%,13763500.0
2169,600876,凯盛新能,10.49,-0.85%,9.90%,1288300.0000000002
2171,2493,荣盛石化,9.34,-0.85%,4.67%,92038200.0
2187,600287,苏豪时尚,5.46,-0.91%,11.31%,1113500.0
2189,300600,国瑞科技,15.28,-0.91%,47.26%,6299900.0
2193,2112,三变科技,12.87,-0.92%,51.56%,18791400.0
2197,2234,民和股份,8.42,-0.94%,14.21%,17907900.0
2199,603616,韩建河山,5.17,-0.96%,34.90%,9012800.0
2209,300305,裕兴股份,6.07,-0.98%,18.66%,4850600.0
2212,603356,华菱精工,13.02,-0.99%,36.45%,10359300.0
2217,603008,喜临门,17.6,-1.01%,16.33%,43763400.0
2218,300621,维业股份,8.84,-1.01%,22.33%,10350000.0
2225,2380,科远智慧,26.71,-1.04%,52.72%,47432900.0
2241,301355,南王科技,11.65,-1.10%,25.77%,9256700.0
2249,48,京基智农,16.81,-1.12%,34.60%,149000000.0
2253,300753,爱朋医疗,28.57,-1.14%,68.17%,42071400.0
2254,603779,威龙股份,6.86,-1.15%,14.32%,1128500.0
2261,603613,国联股份,29.86,-1.16%,23.38%,29458200.0
2287,1259,利仁科技,25.35,-1.25%,17.94%,9721800.0
2291,688739,成大生物,26.69,-1.26%,5.43%,15161700.0
2296,603399,永杉锂业,9.36,-1.27%,32.53%,54334600.0
2314,301,东方盛虹,9.04,-1.31%,2.31%,11884800.0
2338,301056,森赫股份,12.28,-1.37%,34.98%,3218800.0
2348,301103,何氏眼科,20.36,-1.40%,9.66%,514900.0
2349,300977,深圳瑞捷,18.25,-1.40%,16.35%,8193600.0
2380,2064,华峰化学,8.74,-1.47%,6.56%,99193300.0
2391,300606,金太阳,23.58,-1.50%,103.21%,1228100.0
2401,2350,北京科锐,7.14,-1.52%,27.55%,16296500.0
2415,300823,建科智能,14.95,-1.58%,25.52%,8981900.0
2420,600426,华鲁恒升,24.63,-1.60%,8.32%,108000000.0
2446,300626,华瑞股份,10.55,-1.68%,25.53%,4894900.0
2455,2623,亚玛顿,19.61,-1.70%,18.00%,956000.0
2470,300402,宝色股份,17.52,-1.74%,19.48%,1316200.0
2483,600879,航天电子,11.06,-1.78%,21.86%,338000000.0
2514,600791,京能置业,4.7,-1.88%,15.32%,9733800.0
2516,600613,神奇制药,6.26,-1.88%,15.86%,3269500.0
2540,688285,高铁电气,8.46,-1.97%,6.60%,545600.0
2545,605167,利柏特,10.38,-1.98%,24.31%,18445200.0
2549,688472,阿特斯,12.24,-2.00%,71.67%,108000000.0
2551,601515,东峰集团,4.4,-2.00%,19.80%,18924000.0
2553,2014,永新股份,11.23,-2.01%,4.35%,93800.00000000001
2554,603700,宁水集团,11.64,-2.02%,15.09%,1312600.0
2559,688163,赛伦生物,22.51,-2.05%,6.86%,341000.0
2565,603990,麦迪科技,14.59,-2.08%,30.07%,16992400.0
2575,300636,同和药业,8.35,-2.11%,18.62%,1976200.0
2585,688303,大全能源,28.39,-2.14%,9.46%,245000000.00000003
2586,605077,华康股份,17.8,-2.14%,9.52%,37295500.0
2613,688309,恒誉环保,23.55,-2.20%,12.36%,1022900.0000000001
2619,2244,滨江集团,11.53,-2.21%,12.04%,3677600.0
2622,712,锦龙股份,13.66,-2.22%,37.20%,43589100.0
2633,2410,广联达,13.85,-2.26%,22.87%,15389900.0
2641,301081,严牌股份,10.22,-2.29%,19.65%,6987100.0
2661,605259,绿田机械,25.0,-2.34%,11.37%,14292100.0
2676,300191,潜能恒信,19.3,-2.38%,30.11%,5679900.0
2680,301057,汇隆新材,22.64,-2.41%,26.07%,28459600.0
2698,688251,井松智能,25.19,-2.48%,80.64%,677000.0
2707,300407,凯发电气,10.43,-2.52%,21.45%,3630600.0
2718,683,博源化工,6.09,-2.56%,14.78%,4226900.0
2719,2345,潮宏基,14.43,-2.57%,24.87%,5369000.0
2754,300717,华信新材,19.17,-2.69%,19.04%,11084000.0
2758,600639,浦东金桥,10.79,-2.71%,10.26%,18134400.0
2784,603977,国泰集团,12.37,-2.83%,24.90%,90209700.0
2809,2718,友邦吊顶,24.17,-2.89%,63.53%,14302700.0
2814,301059,金三江,10.88,-2.94%,11.72%,9852600.0
2830,697,*ST炼石,8.41,-3.00%,16.01%,32489800.0
2849,300535,达威股份,18.42,-3.10%,26.70%,15179400.0
2867,2299,圣农发展,16.75,-3.18%,11.86%,28870300.000000004
2888,300912,凯龙高科,16.88,-3.27%,69.96%,1657700.0
2910,688156,路德环境,19.29,-3.36%,24.91%,6896799.999999999
2923,300417,南华仪器,12.55,-3.46%,33.16%,14559700.0
2966,300839,博汇股份,12.93,-3.65%,19.32%,10264900.0
2997,2729,好利科技,13.77,-3.77%,21.51%,2571400.0
3012,301068,大地海洋,26.37,-3.83%,8.89%,21256900.0
3085,688669,聚石化学,22.06,-4.13%,16.00%,5125700.000000001
3141,601658,邮储银行,5.72,-4.35%,2.29%,285000000.0
3168,300649,杭州园林,15.9,-4.45%,25.30%,733300.0
3169,688232,新点软件,26.8,-4.46%,7.46%,17659600.0
3236,300861,美畅股份,15.78,-4.77%,19.44%,44790400.0
3241,688690,纳微科技,26.65,-4.79%,14.51%,3283000.0
3254,688466,金科环境,19.54,-4.87%,8.94%,7517400.0
3258,300851,交大思诺,25.93,-4.88%,19.33%,4086100.0
3264,688126,沪硅产业,24.65,-4.90%,30.05%,98631000.0
3312,603139,康惠股份,21.29,-5.12%,12.76%,5617800.0
3319,301273,瑞晨环保,26.09,-5.16%,30.75%,7667500.0
3333,600562,国睿科技,29.67,-5.21%,17.98%,79284600.0
3340,2105,信隆健康,6.54,-5.22%,20.19%,11406600.0
3342,301268,铭利达,21.17,-5.24%,21.60%,29983500.0
3346,688349,三一重能,29.21,-5.25%,27.97%,991600.0
3348,300550,和仁科技,11.73,-5.25%,11.85%,25653600.0
3355,688658,悦康药业,21.62,-5.30%,13.20%,120000.0
3382,2824,和胜股份,17.7,-5.40%,26.77%,2242200.0
3435,300824,北鼎股份,11.55,-5.64%,11.37%,6096300.0
3436,603208,江山欧派,14.4,-5.64%,37.80%,3828200.0
3459,688272,富吉瑞,23.42,-5.75%,17.72%,276700.0
3483,300174,元力股份,15.79,-5.84%,22.65%,11312600.0
3628,301313,凡拓数创,23.66,-6.52%,24.62%,22120400.0
3636,301176,逸豪新材,25.28,-6.54%,46.98%,12921900.0
3662,1268,联合精密,29.53,-6.67%,31.97%,23701100.0
3670,603789,*ST星农,5.57,-6.70%,14.77%,3439400.0
3697,601155,新城控股,14.59,-6.83%,8.03%,36071200.0
3747,688329,艾隆科技,19.7,-7.08%,24.70%,12763200.0
3828,2706,良信股份,11.03,-7.54%,56.12%,39077400.0
3834,605081,*ST太和,11.56,-7.59%,7.59%,11761700.0
3896,2246,北化股份,19.5,-7.98%,50.75%,169000000.0
3900,300853,申昊科技,21.71,-8.05%,28.23%,5692400.0
3970,2888,惠威科技,17.67,-8.45%,55.84%,16491600.0
3984,300931,通用电梯,9.83,-8.56%,29.23%,11333900.000000002
4006,1288,运机集团,23.87,-8.68%,17.60%,8440300.0
4158,2743,富煌钢构,5.31,-9.54%,51.30%,50040700.0
4190,688177,百奥泰,26.55,-9.72%,6.11%,14539000.0
4195,2715,登云股份,22.13,-9.75%,39.79%,9656200.0
4254,300854,中兰环保,18.92,-10.16%,83.45%,7606200.0
4314,603398,*ST沐邦,7.64,-10.54%,64.15%,328000000.0
4317,688728,格科微,15.88,-10.54%,7.64%,52014300.0
4540,698,ST沈化,3.48,-12.34%,31.26%,15581500.0
4585,600624,ST复华,5.25,-12.79%,38.78%,30829500.0
4642,2193,如意集团,5.06,-13.21%,35.07%,27805400.0
4702,56,皇庭国际,2.31,-13.81%,72.99%,117000000.0
4710,603790,雅运股份,20.63,-13.93%,23.36%,27906400.0
4762,2231,*ST奥维,2.91,-14.41%,57.44%,23983400.0
4844,688584,上海合晶,22.25,-15.40%,25.20%,8872700.0
4910,300413,芒果超媒,29.46,-16.38%,21.64%,38665100.0
4926,2723,小崧股份,7.84,-16.60%,63.44%,94263100.0
4978,600735,ST新华锦,5.04,-17.65%,45.56%,35214100.0
5001,600376,首开股份,5.81,-18.17%,97.55%,103000000.0
5021,688593,新相微,18.31,-18.84%,33.10%,17955300.0
5079,300237,ST美晨,2.5,-20.38%,84.78%,79041300.0
5120,600265,ST景谷,20.46,-23.37%,11.40%,8248099.999999999
5136,603388,*ST元成,1.28,-25.15%,32.66%,11917100.0
5148,603300,海南华铁,7.09,-30.15%,81.28%,900000000.0
5150,688189,南新制药,7.95,-31.41%,51.13%,30220800.0
